-- phpMyAdmin SQL Dump
-- version 4.1.12
-- http://www.phpmyadmin.net
--
-- Host: 127.0.0.1
-- Generation Time: Oct 18, 2015 at 03:09 AM
-- Server version: 5.6.16
-- PHP Version: 5.5.11

SET SQL_MODE = "NO_AUTO_VALUE_ON_ZERO";
SET time_zone = "+00:00";


/*!40101 SET @OLD_CHARACTER_SET_CLIENT=@@CHARACTER_SET_CLIENT */;
/*!40101 SET @OLD_CHARACTER_SET_RESULTS=@@CHARACTER_SET_RESULTS */;
/*!40101 SET @OLD_COLLATION_CONNECTION=@@COLLATION_CONNECTION */;
/*!40101 SET NAMES utf8 */;

--
-- Database: `billiones`
--

-- --------------------------------------------------------

--
-- Table structure for table `announcement`
--

CREATE TABLE IF NOT EXISTS `announcement` (
  `id` int(11) NOT NULL AUTO_INCREMENT,
  `title` varchar(255) NOT NULL,
  `summary` varchar(255) NOT NULL,
  `content` text NOT NULL,
  `timestamp` datetime NOT NULL DEFAULT CURRENT_TIMESTAMP,
  PRIMARY KEY (`id`)
) ENGINE=InnoDB  DEFAULT CHARSET=utf8 AUTO_INCREMENT=4 ;

--
-- Dumping data for table `announcement`
--

INSERT INTO `announcement` (`id`, `title`, `summary`, `content`, `timestamp`) VALUES
(1, 'Test Announcement 001', 'Ang gwapo po ni Karlo :3', 'Ang gwapo po ni Karlo :3 Sugoi Sugoi <3', '2015-10-17 15:45:22'),
(2, 'Test Announcement 002', 'Lorem ipsum dolor sit amet', 'Lorem ipsum dolor sit amet, consectetur adipiscing elit, sed do eiusmod tempor incididunt ut labore et dolore magna aliqua. Ut enim ad minim veniam, quis nostrud exercitation ullamco laboris nisi ut aliquip ex ea commodo consequat. Duis aute irure dolor in reprehenderit in voluptate velit esse cillum dolore eu fugiat nulla pariatur. Excepteur sint occaecat cupidatat non proident, sunt in culpa qui officia deserunt mollit anim id est laborum.', '2015-10-17 15:47:15'),
(3, 'Test Announcement 003', 'Meow all night', 'Meow all night having their mate disturbing sleeping humans human is washing you why halp oh the horror flee scratch hiss bite flop over, but claws in your leg. Chase imaginary bugs always hungry throwup on your pillow intrigued by the shower, yet asdflkjaertvlkjasntvkjn (sits on keyboard) chase ball of string but peer out window, chatter at birds, lure them to mouth. Scratch the furniture eat grass, throw it back up human is washing you why halp oh the horror flee scratch hiss bite. Rub face on everything need to chase tail, flop over chase laser so jump launch to pounce upon little yarn mouse, bare fangs at toy run hide in litter box until treats are fed. Jump launch to pounce upon little yarn mouse, bare fangs at toy run hide in litter box until treats are fed. Shove bum in owner''s face like camera lens. Stare at wall turn and meow stare at wall some more meow again continue staring if it fits, i sits or chirp at birds see owner, run in terror but scratch the furniture. Hiss at vacuum cleaner. Under the bed immediately regret falling into bathtub. Meowing non stop for food hiss at vacuum cleaner but jump launch to pounce upon little yarn mouse, bare fangs at toy run hide in litter box until treats are fed but spot something, big eyes, big eyes, crouch, shake butt, prepare to pounce knock over christmas tree. Thug cat eat prawns daintily with a claw then lick paws clean wash down prawns with a lap of carnation milk then retire to the warmest spot on the couch to claw at the fabric before taking a catnap for destroy couch as revenge vommit food and eat it again chase laser i am the best. Love to play with owner''s hair tie pooping rainbow while flying in a toasted bread costume in space so find empty spot in cupboard and sleep all day but hide head under blanket so no one can see. Stare at the wall, play with food and get confused by dust intrigued by the shower. ', '2015-10-17 15:47:45');

-- --------------------------------------------------------

--
-- Table structure for table `donation`
--

CREATE TABLE IF NOT EXISTS `donation` (
  `id` int(11) NOT NULL AUTO_INCREMENT,
  `person_id` int(11) NOT NULL,
  `donor` varchar(255) NOT NULL,
  `amount` int(11) NOT NULL,
  `year` year(4) NOT NULL,
  PRIMARY KEY (`id`)
) ENGINE=InnoDB  DEFAULT CHARSET=utf8 AUTO_INCREMENT=2101 ;

--
-- Dumping data for table `donation`
--

INSERT INTO `donation` (`id`, `person_id`, `donor`, `amount`, `year`) VALUES
(1, 1, 'Adams, Ernestine J', 33000, 2012),
(2, 1, 'Adkins, Rodolfo D', 140000, 2011),
(3, 1, 'Dawson, Stella Y', 19000, 2014),
(4, 1, 'Adkins, Rodolfo D', 90000, 2010),
(5, 1, 'Rodgers, Lois Q', 250000, 2012),
(6, 1, 'Moss, Vicky G', 200000, 2015),
(7, 1, 'Osborne, Sonya Z', 2200000, 2015),
(8, 1, 'Mason, Jody A', 240000, 2014),
(9, 1, 'Nunez, Lola X', 200000, 2012),
(10, 1, 'Cobb, Stanley O', 260000, 2015),
(11, 1, 'Patrick, Kristy F', 34000, 2011),
(12, 1, 'Norton, Roberto E', 110000, 2011),
(13, 1, 'Nunez, Lola X', 600000, 2013),
(14, 1, 'Mendoza, Pearl C', 5000, 2013),
(15, 1, 'Webster, Roman Q', 4400000, 2011),
(16, 1, 'Bryan, Pablo C', 1400000, 2012),
(17, 1, 'Adams, Ernestine J', 80000, 2012),
(18, 1, 'Long, Max U', 29000, 2013),
(19, 1, 'Castillo, Wendy S', 280000, 2012),
(20, 1, 'Fletcher, Marvin O', 310000, 2012),
(21, 2, 'Fletcher, Marvin O', 2200000, 2014),
(22, 2, 'Mason, Jody A', 200000, 2012),
(23, 2, 'Richardson, Ricky I', 340000, 2014),
(24, 2, 'Harper, Sam U', 440000, 2014),
(25, 2, 'Bailey, Mona Z', 41000, 2015),
(26, 2, 'Joseph, Dominic Y', 180000, 2010),
(27, 2, 'Adams, Ernestine J', 1700000, 2014),
(28, 2, 'Glover, Tyler U', 3300000, 2010),
(29, 2, 'Cohen, Al N', 800000, 2010),
(30, 2, 'Vasquez, Ginger R', 150000, 2011),
(31, 2, 'Frazier, Agnes G', 9000, 2011),
(32, 2, 'Robertson, Ellen Z', 1800000, 2011),
(33, 2, 'Drake, Naomi J', 60000, 2011),
(34, 2, 'Jackson, Conrad G', 320000, 2010),
(35, 2, 'Murphy, Jennifer M', 1200000, 2010),
(36, 2, 'Bryant, Bonnie B', 410000, 2013),
(37, 2, 'Ramsey, Jorge U', 290000, 2012),
(38, 2, 'Perez, Isabel B', 10000, 2011),
(39, 2, 'Butler, Francis F', 20000, 2010),
(40, 2, 'Harper, Sam U', 3000, 2013),
(41, 3, 'Saunders, Benny R', 3600000, 2013),
(42, 3, 'Owen, Dwight X', 22000, 2012),
(43, 3, 'Barber, Alicia L', 110000, 2013),
(44, 3, 'Bailey, Mona Z', 350000, 2010),
(45, 3, 'Mendoza, Pearl C', 10000, 2013),
(46, 3, 'Walsh, Alton N', 4000000, 2015),
(47, 3, 'Houston, Shawna K', 10000, 2010),
(48, 3, 'Barber, Alicia L', 9000, 2010),
(49, 3, 'Murray, Lionel C', 130000, 2014),
(50, 3, 'Castillo, Wendy S', 38000, 2011),
(51, 3, 'Owens, Nadine Y', 44000, 2010),
(52, 3, 'Sanders, Tanya A', 350000, 2015),
(53, 3, 'Adkins, Rodolfo D', 28000, 2010),
(54, 3, 'Johnson, Lucia Z', 17000, 2014),
(55, 3, 'Vasquez, Ginger R', 3100000, 2015),
(56, 3, 'Powell, Leonard H', 3300000, 2012),
(57, 3, 'Wright, Jeannie N', 36000, 2011),
(58, 3, 'Bryan, Pablo C', 1000000, 2014),
(59, 3, 'Perez, Isabel B', 1800000, 2010),
(60, 3, 'Briggs, Silvia Q', 2700000, 2014),
(61, 4, 'Kelley, Ira K', 3300000, 2013),
(62, 4, 'Barber, Alicia L', 100000, 2014),
(63, 4, 'Jackson, Conrad G', 210000, 2011),
(64, 4, 'Harper, Sam U', 140000, 2012),
(65, 4, 'Baker, Kristine G', 36000, 2013),
(66, 4, 'Cohen, Al N', 1000000, 2010),
(67, 4, 'White, Wilma S', 900000, 2010),
(68, 4, 'Bates, Jeannette H', 5000, 2012),
(69, 4, 'Harper, Sam U', 390000, 2011),
(70, 4, 'Norton, Roberto E', 5000, 2014),
(71, 4, 'Owen, Dwight X', 12000, 2015),
(72, 4, 'Curry, Jimmy N', 21000, 2012),
(73, 4, 'Long, Max U', 26000, 2015),
(74, 4, 'Warren, Jeffery X', 40000, 2010),
(75, 4, 'Reynolds, Marjorie D', 34000, 2012),
(76, 4, 'Butler, Francis F', 11000, 2012),
(77, 4, 'Ellis, Randolph F', 100000, 2012),
(78, 4, 'Maxwell, Andrew B', 360000, 2015),
(79, 4, 'Robertson, Ellen Z', 150000, 2014),
(80, 4, 'Williamson, Arlene R', 210000, 2014),
(81, 5, 'Copeland, Mike C', 9000, 2012),
(82, 5, 'Richardson, Ricky I', 9000, 2013),
(83, 5, 'Ellis, Randolph F', 3200000, 2011),
(84, 5, 'Flores, Roberta X', 2900000, 2015),
(85, 5, 'Johnson, Lucia Z', 3800000, 2010),
(86, 5, 'Flores, Roberta X', 440000, 2012),
(87, 5, 'Roberson, Ellis G', 7000, 2014),
(88, 5, 'Owens, Nadine Y', 10000, 2012),
(89, 5, 'Sandoval, Dianne E', 33000, 2011),
(90, 5, 'Ortiz, Brad B', 2100000, 2015),
(91, 5, 'Butler, Francis F', 2300000, 2015),
(92, 5, 'Barber, Alicia L', 150000, 2012),
(93, 5, 'Adams, Ernestine J', 140000, 2012),
(94, 5, 'Curry, Jimmy N', 380000, 2010),
(95, 5, 'Long, Max U', 10000, 2015),
(96, 5, 'Silva, Austin B', 190000, 2011),
(97, 5, 'Moss, Vicky G', 600000, 2010),
(98, 5, 'Webster, Roman Q', 36000, 2013),
(99, 5, 'Mendoza, Pearl C', 19000, 2014),
(100, 5, 'Nichols, Ashley L', 390000, 2015),
(101, 6, 'Moody, Alice H', 44000, 2013),
(102, 6, 'Adkins, Rodolfo D', 39000, 2010),
(103, 6, 'Richardson, Ricky I', 21000, 2010),
(104, 6, 'Moss, Vicky G', 200000, 2013),
(105, 6, 'Sanders, Tanya A', 20000, 2012),
(106, 6, 'Holmes, Jana S', 2700000, 2013),
(107, 6, 'Owen, Dwight X', 19000, 2011),
(108, 6, 'Simpson, Kathleen F', 32000, 2014),
(109, 6, 'Curry, Jimmy N', 900000, 2011),
(110, 6, 'Mendoza, Pearl C', 1000, 2011),
(111, 6, 'Sharp, Phil Q', 500000, 2015),
(112, 6, 'Moss, Vicky G', 3400000, 2010),
(113, 6, 'Vasquez, Ginger R', 80000, 2014),
(114, 6, 'Jenkins, Chester L', 1600000, 2011),
(115, 6, 'Frazier, Agnes G', 120000, 2013),
(116, 6, 'Johnson, Lucia Z', 300000, 2012),
(117, 6, 'Maxwell, Andrew B', 390000, 2010),
(118, 6, 'Kelley, Ira K', 11000, 2013),
(119, 6, 'Mullins, Hazel L', 700000, 2013),
(120, 6, 'Chambers, Carla N', 1300000, 2014),
(121, 7, 'Holmes, Jana S', 200000, 2015),
(122, 7, 'Klein, Jermaine W', 11000, 2014),
(123, 7, 'Torres, Monique Q', 24000, 2010),
(124, 7, 'Flores, Roberta X', 44000, 2015),
(125, 7, 'Owens, Nadine Y', 2900000, 2015),
(126, 7, 'Dawson, Stella Y', 3400000, 2011),
(127, 7, 'Maxwell, Andrew B', 30000, 2010),
(128, 7, 'Fletcher, Marvin O', 19000, 2010),
(129, 7, 'Todd, Ken B', 270000, 2010),
(130, 7, 'Estrada, Edgar Y', 20000, 2013),
(131, 7, 'Owens, Nadine Y', 24000, 2012),
(132, 7, 'Nguyen, Alexander J', 3900000, 2012),
(133, 7, 'Chambers, Carla N', 100000, 2012),
(134, 7, 'Johnson, Lucia Z', 20000, 2015),
(135, 7, 'Cobb, Stanley O', 800000, 2010),
(136, 7, 'Thomas, Dwayne J', 30000, 2010),
(137, 7, 'Ortiz, Brad B', 500000, 2014),
(138, 7, 'Torres, Monique Q', 3200000, 2011),
(139, 7, 'Bates, Jeannette H', 4200000, 2014),
(140, 7, 'Ramsey, Jorge U', 45000, 2010),
(141, 8, 'Owens, Nadine Y', 2000, 2012),
(142, 8, 'Murphy, Jennifer M', 13000, 2012),
(143, 8, 'Greene, Louis W', 90000, 2014),
(144, 8, 'Murphy, Jennifer M', 7000, 2013),
(145, 8, 'Frazier, Agnes G', 43000, 2012),
(146, 8, 'Moss, Vicky G', 18000, 2015),
(147, 8, 'Barber, Alicia L', 3700000, 2010),
(148, 8, 'Nguyen, Alexander J', 2000, 2010),
(149, 8, 'Joseph, Dominic Y', 3700000, 2012),
(150, 8, 'Robertson, Ellen Z', 4200000, 2012),
(151, 8, 'Barber, Alicia L', 23000, 2015),
(152, 8, 'Chambers, Carla N', 38000, 2011),
(153, 8, 'Frazier, Agnes G', 10000, 2012),
(154, 8, 'Bryan, Pablo C', 70000, 2011),
(155, 8, 'Todd, Ken B', 29000, 2011),
(156, 8, 'Sandoval, Dianne E', 180000, 2015),
(157, 8, 'Reynolds, Marjorie D', 380000, 2013),
(158, 8, 'Phillips, Andre L', 3200000, 2012),
(159, 8, 'Webster, Roman Q', 180000, 2011),
(160, 8, 'Cohen, Al N', 250000, 2013),
(161, 9, 'Norton, Roberto E', 3200000, 2013),
(162, 9, 'Weaver, Tabitha P', 500000, 2010),
(163, 9, 'Bass, Christina P', 170000, 2013),
(164, 9, 'Wilson, Shane D', 700000, 2013),
(165, 9, 'Owens, Nadine Y', 35000, 2014),
(166, 9, 'Simpson, Kathleen F', 3600000, 2015),
(167, 9, 'Moss, Vicky G', 1200000, 2014),
(168, 9, 'Ramsey, Jorge U', 7000, 2010),
(169, 9, 'Webster, Roman Q', 240000, 2011),
(170, 9, 'Thomas, Dwayne J', 1000, 2013),
(171, 9, 'Briggs, Silvia Q', 20000, 2010),
(172, 9, 'Warren, Jeffery X', 10000, 2011),
(173, 9, 'Cohen, Al N', 240000, 2010),
(174, 9, 'Roberson, Ellis G', 1100000, 2013),
(175, 9, 'Cohen, Al N', 26000, 2015),
(176, 9, 'Webster, Roman Q', 220000, 2015),
(177, 9, 'Silva, Austin B', 12000, 2015),
(178, 9, 'Romero, Myron H', 44000, 2012),
(179, 9, 'Johnson, Lucia Z', 9000, 2012),
(180, 9, 'Silva, Austin B', 280000, 2015),
(181, 10, 'Marshall, Sammy P', 11000, 2012),
(182, 10, 'Sanders, Tanya A', 450000, 2015),
(183, 10, 'Saunders, Benny R', 100000, 2012),
(184, 10, 'Bass, Christina P', 33000, 2015),
(185, 10, 'Bates, Jeannette H', 9000, 2011),
(186, 10, 'Adkins, Rodolfo D', 7000, 2011),
(187, 10, 'Silva, Austin B', 2200000, 2011),
(188, 10, 'Baker, Kristine G', 130000, 2015),
(189, 10, 'Weaver, Tabitha P', 270000, 2012),
(190, 10, 'Adkins, Rodolfo D', 210000, 2013),
(191, 10, 'Kelley, Ira K', 20000, 2012),
(192, 10, 'Webster, Roman Q', 2900000, 2013),
(193, 10, 'Powell, Leonard H', 1800000, 2013),
(194, 10, 'Curry, Jimmy N', 33000, 2011),
(195, 10, 'Castillo, Wendy S', 7000, 2012),
(196, 10, 'Dawson, Stella Y', 1900000, 2010),
(197, 10, 'Moody, Alice H', 42000, 2011),
(198, 10, 'Mendoza, Pearl C', 33000, 2014),
(199, 10, 'Cohen, Al N', 230000, 2010),
(200, 10, 'Frazier, Agnes G', 19000, 2010),
(201, 11, 'Klein, Jermaine W', 26000, 2015),
(202, 11, 'Wheeler, Wendell U', 1500000, 2015),
(203, 11, 'Jordan, Kara S', 2600000, 2012),
(204, 11, 'Copeland, Mike C', 1900000, 2011),
(205, 11, 'Fletcher, Marvin O', 25000, 2015),
(206, 11, 'Estrada, Edgar Y', 70000, 2012),
(207, 11, 'Kelley, Ira K', 5000, 2013),
(208, 11, 'Adams, Ernestine J', 2200000, 2014),
(209, 11, 'Castillo, Wendy S', 160000, 2014),
(210, 11, 'Torres, Monique Q', 100000, 2011),
(211, 11, 'Williamson, Arlene R', 100000, 2015),
(212, 11, 'Greene, Louis W', 6000, 2013),
(213, 11, 'Johnson, Lucia Z', 1800000, 2010),
(214, 11, 'Adkins, Rodolfo D', 170000, 2012),
(215, 11, 'Richardson, Ricky I', 500000, 2010),
(216, 11, 'Higgins, Lynn Q', 45000, 2012),
(217, 11, 'Jenkins, Chester L', 41000, 2014),
(218, 11, 'Dawson, Stella Y', 9000, 2013),
(219, 11, 'Mason, Jody A', 4100000, 2012),
(220, 11, 'Adams, Ernestine J', 390000, 2015),
(221, 12, 'Williamson, Arlene R', 3800000, 2015),
(222, 12, 'Castillo, Wendy S', 3800000, 2011),
(223, 12, 'Adams, Ernestine J', 28000, 2010),
(224, 12, 'Romero, Myron H', 100000, 2015),
(225, 12, 'Chambers, Carla N', 27000, 2013),
(226, 12, 'Owens, Nadine Y', 4000000, 2014),
(227, 12, 'Long, Max U', 21000, 2011),
(228, 12, 'Robbins, Lindsay A', 250000, 2015),
(229, 12, 'Parker, Ross T', 3600000, 2013),
(230, 12, 'Rodgers, Lois Q', 45000, 2010),
(231, 12, 'Simpson, Kathleen F', 4300000, 2010),
(232, 12, 'Dawson, Stella Y', 420000, 2014),
(233, 12, 'Mason, Jody A', 10000, 2015),
(234, 12, 'Perez, Isabel B', 17000, 2010),
(235, 12, 'Joseph, Dominic Y', 90000, 2012),
(236, 12, 'Bryan, Pablo C', 130000, 2015),
(237, 12, 'Rodgers, Lois Q', 450000, 2012),
(238, 12, 'Houston, Shawna K', 30000, 2012),
(239, 12, 'Vasquez, Ginger R', 350000, 2014),
(240, 12, 'Romero, Myron H', 16000, 2012),
(241, 13, 'Adkins, Rodolfo D', 29000, 2013),
(242, 13, 'Holmes, Jana S', 210000, 2010),
(243, 13, 'Cohen, Al N', 40000, 2011),
(244, 13, 'Mullins, Hazel L', 19000, 2014),
(245, 13, 'Maxwell, Andrew B', 3800000, 2014),
(246, 13, 'Todd, Ken B', 4000000, 2013),
(247, 13, 'Klein, Jermaine W', 4500000, 2015),
(248, 13, 'Nichols, Ashley L', 700000, 2014),
(249, 13, 'Romero, Myron H', 1000, 2012),
(250, 13, 'Warren, Jeffery X', 300000, 2013),
(251, 13, 'Sharp, Phil Q', 39000, 2012),
(252, 13, 'Lynch, Julius V', 2900000, 2014),
(253, 13, 'Hudson, Antonia R', 300000, 2010),
(254, 13, 'Fletcher, Marvin O', 43000, 2010),
(255, 13, 'Wilson, Shane D', 270000, 2010),
(256, 13, 'Osborne, Sonya Z', 23000, 2011),
(257, 13, 'Sharp, Phil Q', 80000, 2015),
(258, 13, 'Mullins, Hazel L', 800000, 2010),
(259, 13, 'Phillips, Andre L', 16000, 2014),
(260, 13, 'Houston, Shawna K', 25000, 2010),
(261, 14, 'Butler, Francis F', 400000, 2012),
(262, 14, 'Castillo, Wendy S', 700000, 2013),
(263, 14, 'Patrick, Kristy F', 1700000, 2012),
(264, 14, 'Adkins, Rodolfo D', 2300000, 2011),
(265, 14, 'Carlson, Thomas A', 3300000, 2015),
(266, 14, 'Torres, Monique Q', 22000, 2010),
(267, 14, 'Baker, Kristine G', 21000, 2013),
(268, 14, 'Sharp, Phil Q', 2000000, 2011),
(269, 14, 'Copeland, Mike C', 370000, 2015),
(270, 14, 'White, Wilma S', 31000, 2010),
(271, 14, 'Saunders, Benny R', 10000, 2010),
(272, 14, 'Long, Max U', 26000, 2011),
(273, 14, 'Harper, Sam U', 17000, 2012),
(274, 14, 'Reynolds, Marjorie D', 1400000, 2015),
(275, 14, 'Ellis, Randolph F', 3800000, 2011),
(276, 14, 'Dawson, Stella Y', 310000, 2012),
(277, 14, 'Medina, Steve M', 22000, 2010),
(278, 14, 'Mullins, Hazel L', 13000, 2012),
(279, 14, 'Carlson, Thomas A', 320000, 2013),
(280, 14, 'Higgins, Lynn Q', 2600000, 2013),
(281, 15, 'Powell, Leonard H', 21000, 2012),
(282, 15, 'Frazier, Agnes G', 3100000, 2010),
(283, 15, 'Cobb, Stanley O', 10000, 2010),
(284, 15, 'Rodgers, Lois Q', 3000000, 2010),
(285, 15, 'Holmes, Jana S', 2000000, 2012),
(286, 15, 'Robertson, Ellen Z', 18000, 2010),
(287, 15, 'Ortega, Lynne C', 3100000, 2014),
(288, 15, 'Bryant, Bonnie B', 9000, 2012),
(289, 15, 'Adkins, Rodolfo D', 4000000, 2012),
(290, 15, 'Moss, Vicky G', 3300000, 2013),
(291, 15, 'Baker, Kristine G', 19000, 2011),
(292, 15, 'Long, Max U', 14000, 2013),
(293, 15, 'Adams, Ernestine J', 150000, 2010),
(294, 15, 'Reynolds, Marjorie D', 16000, 2014),
(295, 15, 'Bryant, Bonnie B', 210000, 2013),
(296, 15, 'Glover, Tyler U', 200000, 2014),
(297, 15, 'Moss, Vicky G', 30000, 2014),
(298, 15, 'Owen, Dwight X', 500000, 2013),
(299, 15, 'Torres, Monique Q', 370000, 2015),
(300, 15, 'Sharp, Phil Q', 3500000, 2014),
(301, 16, 'Roberson, Ellis G', 4100000, 2011),
(302, 16, 'Flores, Roberta X', 1000000, 2014),
(303, 16, 'Barber, Alicia L', 28000, 2011),
(304, 16, 'Valdez, Barbara H', 110000, 2010),
(305, 16, 'White, Wilma S', 130000, 2013),
(306, 16, 'Moss, Vicky G', 50000, 2014),
(307, 16, 'Higgins, Lynn Q', 4000, 2015),
(308, 16, 'Klein, Jermaine W', 220000, 2013),
(309, 16, 'Murray, Lionel C', 190000, 2010),
(310, 16, 'Joseph, Dominic Y', 320000, 2011),
(311, 16, 'Bass, Christina P', 1900000, 2014),
(312, 16, 'Ortiz, Brad B', 2900000, 2015),
(313, 16, 'Weaver, Tabitha P', 44000, 2012),
(314, 16, 'Sandoval, Dianne E', 40000, 2011),
(315, 16, 'Edwards, Juan B', 3300000, 2012),
(316, 16, 'Saunders, Benny R', 350000, 2014),
(317, 16, 'Owen, Dwight X', 290000, 2015),
(318, 16, 'Butler, Francis F', 14000, 2010),
(319, 16, 'Mendoza, Pearl C', 17000, 2015),
(320, 16, 'Parker, Ross T', 7000, 2013),
(321, 17, 'Simpson, Kathleen F', 3800000, 2012),
(322, 17, 'Thomas, Dwayne J', 2300000, 2013),
(323, 17, 'Moss, Vicky G', 3900000, 2014),
(324, 17, 'Castillo, Wendy S', 3100000, 2014),
(325, 17, 'Jordan, Kara S', 29000, 2013),
(326, 17, 'Dawson, Stella Y', 1700000, 2011),
(327, 17, 'Romero, Myron H', 160000, 2010),
(328, 17, 'Higgins, Lynn Q', 10000, 2015),
(329, 17, 'Richardson, Ricky I', 320000, 2012),
(330, 17, 'Drake, Naomi J', 1500000, 2012),
(331, 17, 'Morgan, Paulette M', 2200000, 2011),
(332, 17, 'Wilson, Shane D', 80000, 2012),
(333, 17, 'Osborne, Sonya Z', 450000, 2013),
(334, 17, 'Perez, Isabel B', 45000, 2015),
(335, 17, 'Bailey, Mona Z', 350000, 2012),
(336, 17, 'Edwards, Juan B', 4500000, 2011),
(337, 17, 'Greene, Louis W', 5000, 2015),
(338, 17, 'Baker, Kristine G', 20000, 2013),
(339, 17, 'Hunt, Terry V', 2700000, 2010),
(340, 17, 'Ortiz, Brad B', 30000, 2013),
(341, 18, 'Valdez, Barbara H', 17000, 2012),
(342, 18, 'Weaver, Tabitha P', 330000, 2012),
(343, 18, 'Sanders, Tanya A', 27000, 2014),
(344, 18, 'Klein, Jermaine W', 2500000, 2010),
(345, 18, 'Bates, Jeannette H', 2100000, 2012),
(346, 18, 'Hunt, Terry V', 2700000, 2012),
(347, 18, 'Nichols, Ashley L', 210000, 2015),
(348, 18, 'Klein, Jermaine W', 320000, 2010),
(349, 18, 'Parker, Ross T', 270000, 2015),
(350, 18, 'Greene, Louis W', 2100000, 2012),
(351, 18, 'Long, Max U', 3100000, 2014),
(352, 18, 'Medina, Steve M', 190000, 2010),
(353, 18, 'Perez, Isabel B', 33000, 2015),
(354, 18, 'Nunez, Lola X', 500000, 2010),
(355, 18, 'Simpson, Kathleen F', 160000, 2011),
(356, 18, 'Harper, Sam U', 1700000, 2011),
(357, 18, 'Torres, Monique Q', 50000, 2013),
(358, 18, 'Wilson, Shane D', 1000, 2015),
(359, 18, 'Briggs, Silvia Q', 41000, 2013),
(360, 18, 'Lynch, Julius V', 1300000, 2010),
(361, 19, 'Greene, Louis W', 34000, 2013),
(362, 19, 'Flores, Roberta X', 4300000, 2011),
(363, 19, 'Estrada, Edgar Y', 12000, 2013),
(364, 19, 'Walsh, Alton N', 21000, 2014),
(365, 19, 'Houston, Shawna K', 4400000, 2015),
(366, 19, 'Owens, Nadine Y', 380000, 2010),
(367, 19, 'Hudson, Antonia R', 170000, 2011),
(368, 19, 'Bates, Jeannette H', 5000, 2015),
(369, 19, 'Medina, Steve M', 42000, 2011),
(370, 19, 'Webb, Shelly N', 3900000, 2014),
(371, 19, 'Bates, Jeannette H', 30000, 2014),
(372, 19, 'Wright, Jeannie N', 190000, 2012),
(373, 19, 'Murray, Lionel C', 12000, 2012),
(374, 19, 'Joseph, Dominic Y', 240000, 2013),
(375, 19, 'Adkins, Rodolfo D', 1100000, 2013),
(376, 19, 'Glover, Tyler U', 4500000, 2011),
(377, 19, 'Sharp, Phil Q', 380000, 2012),
(378, 19, 'Glover, Tyler U', 350000, 2010),
(379, 19, 'Dawson, Stella Y', 200000, 2015),
(380, 19, 'Romero, Myron H', 30000, 2013),
(381, 20, 'Bryan, Pablo C', 27000, 2011),
(382, 20, 'Chambers, Carla N', 2900000, 2013),
(383, 20, 'Johnson, Lucia Z', 2600000, 2013),
(384, 20, 'Phillips, Andre L', 3900000, 2015),
(385, 20, 'Sandoval, Dianne E', 22000, 2013),
(386, 20, 'Parker, Ross T', 2200000, 2010),
(387, 20, 'Kelley, Ira K', 30000, 2012),
(388, 20, 'Hunt, Terry V', 190000, 2010),
(389, 20, 'Vasquez, Ginger R', 14000, 2012),
(390, 20, 'Glover, Tyler U', 17000, 2010),
(391, 20, 'Weaver, Tabitha P', 330000, 2012),
(392, 20, 'Moody, Alice H', 3200000, 2015),
(393, 20, 'Parker, Ross T', 260000, 2013),
(394, 20, 'Long, Max U', 43000, 2013),
(395, 20, 'Ramsey, Jorge U', 4300000, 2012),
(396, 20, 'Robertson, Ellen Z', 2500000, 2010),
(397, 20, 'Adkins, Rodolfo D', 360000, 2012),
(398, 20, 'Jenkins, Chester L', 380000, 2015),
(399, 20, 'Sanders, Tanya A', 1800000, 2011),
(400, 20, 'Chambers, Carla N', 1000000, 2010),
(401, 21, 'Bass, Christina P', 290000, 2013),
(402, 21, 'Silva, Austin B', 15000, 2010),
(403, 21, 'Copeland, Mike C', 2100000, 2013),
(404, 21, 'Walsh, Alton N', 14000, 2010),
(405, 21, 'Silva, Austin B', 3700000, 2012),
(406, 21, 'Rodgers, Lois Q', 31000, 2011),
(407, 21, 'Curry, Jimmy N', 1600000, 2013),
(408, 21, 'Cobb, Stanley O', 10000, 2014),
(409, 21, 'Castillo, Wendy S', 10000, 2011),
(410, 21, 'Torres, Monique Q', 1000, 2012),
(411, 21, 'Fletcher, Marvin O', 29000, 2010),
(412, 21, 'Adkins, Rodolfo D', 150000, 2011),
(413, 21, 'Simpson, Kathleen F', 900000, 2015),
(414, 21, 'Romero, Myron H', 360000, 2015),
(415, 21, 'Estrada, Edgar Y', 320000, 2013),
(416, 21, 'Glover, Tyler U', 45000, 2014),
(417, 21, 'Romero, Myron H', 2000, 2012),
(418, 21, 'Bates, Jeannette H', 27000, 2011),
(419, 21, 'Edwards, Juan B', 1000, 2013),
(420, 21, 'Roberson, Ellis G', 3200000, 2011),
(421, 22, 'Phillips, Andre L', 130000, 2012),
(422, 22, 'Copeland, Mike C', 300000, 2014),
(423, 22, 'Medina, Steve M', 2000, 2013),
(424, 22, 'White, Wilma S', 330000, 2013),
(425, 22, 'Klein, Jermaine W', 2000, 2014),
(426, 22, 'Flores, Roberta X', 300000, 2010),
(427, 22, 'Osborne, Sonya Z', 190000, 2011),
(428, 22, 'Klein, Jermaine W', 120000, 2011),
(429, 22, 'Flores, Roberta X', 16000, 2010),
(430, 22, 'Bryan, Pablo C', 2900000, 2013),
(431, 22, 'Murray, Lionel C', 300000, 2014),
(432, 22, 'Harper, Sam U', 1100000, 2014),
(433, 22, 'Glover, Tyler U', 3800000, 2015),
(434, 22, 'Butler, Francis F', 280000, 2014),
(435, 22, 'Hammond, Jodi G', 28000, 2013),
(436, 22, 'Flores, Roberta X', 1600000, 2011),
(437, 22, 'Butler, Francis F', 60000, 2010),
(438, 22, 'Hudson, Antonia R', 1400000, 2013),
(439, 22, 'Holmes, Jana S', 3400000, 2011),
(440, 22, 'Wheeler, Wendell U', 21000, 2010),
(441, 23, 'Saunders, Benny R', 410000, 2012),
(442, 23, 'Edwards, Juan B', 2100000, 2014),
(443, 23, 'Todd, Ken B', 400000, 2015),
(444, 23, 'Dawson, Stella Y', 2600000, 2014),
(445, 23, 'Medina, Steve M', 22000, 2012),
(446, 23, 'Adkins, Rodolfo D', 3200000, 2012),
(447, 23, 'Klein, Jermaine W', 120000, 2015),
(448, 23, 'Hudson, Antonia R', 100000, 2014),
(449, 23, 'Holmes, Jana S', 400000, 2012),
(450, 23, 'Marshall, Sammy P', 1900000, 2015),
(451, 23, 'Cobb, Stanley O', 100000, 2012),
(452, 23, 'White, Wilma S', 3000, 2012),
(453, 23, 'Greene, Louis W', 45000, 2011),
(454, 23, 'Maxwell, Andrew B', 2000, 2011),
(455, 23, 'Vasquez, Ginger R', 28000, 2010),
(456, 23, 'Fletcher, Marvin O', 400000, 2013),
(457, 23, 'Richardson, Ricky I', 50000, 2015),
(458, 23, 'Nunez, Lola X', 1200000, 2012),
(459, 23, 'Osborne, Sonya Z', 280000, 2012),
(460, 23, 'Webster, Roman Q', 2200000, 2010),
(461, 24, 'Greene, Louis W', 160000, 2014),
(462, 24, 'Moody, Alice H', 70000, 2012),
(463, 24, 'Ellis, Randolph F', 150000, 2014),
(464, 24, 'Baker, Kristine G', 450000, 2013),
(465, 24, 'Jenkins, Chester L', 3500000, 2013),
(466, 24, 'Rodgers, Lois Q', 13000, 2012),
(467, 24, 'Bryant, Bonnie B', 240000, 2014),
(468, 24, 'Murphy, Jennifer M', 18000, 2013),
(469, 24, 'Torres, Monique Q', 420000, 2010),
(470, 24, 'Morgan, Paulette M', 10000, 2011),
(471, 24, 'Cohen, Al N', 200000, 2015),
(472, 24, 'Murray, Lionel C', 300000, 2015),
(473, 24, 'Silva, Austin B', 11000, 2013),
(474, 24, 'Wilson, Shane D', 390000, 2013),
(475, 24, 'Sharp, Phil Q', 2000, 2010),
(476, 24, 'Nichols, Ashley L', 200000, 2013),
(477, 24, 'Vasquez, Ginger R', 1800000, 2012),
(478, 24, 'Kelley, Ira K', 1500000, 2013),
(479, 24, 'Fields, Erick E', 4100000, 2011),
(480, 24, 'Nichols, Ashley L', 20000, 2012),
(481, 25, 'Cohen, Al N', 250000, 2015),
(482, 25, 'Sanders, Tanya A', 310000, 2010),
(483, 25, 'Ellis, Randolph F', 310000, 2013),
(484, 25, 'Bryant, Bonnie B', 17000, 2011),
(485, 25, 'Silva, Austin B', 43000, 2015),
(486, 25, 'Morgan, Paulette M', 4000, 2011),
(487, 25, 'Reynolds, Marjorie D', 700000, 2015),
(488, 25, 'Moody, Alice H', 160000, 2015),
(489, 25, 'Butler, Francis F', 30000, 2014),
(490, 25, 'Ortega, Lynne C', 16000, 2011),
(491, 25, 'Holmes, Jana S', 19000, 2012),
(492, 25, 'Rodgers, Lois Q', 5000, 2011),
(493, 25, 'Nichols, Ashley L', 4200000, 2010),
(494, 25, 'Nunez, Lola X', 2500000, 2013),
(495, 25, 'Curry, Jimmy N', 4100000, 2015),
(496, 25, 'Bryant, Bonnie B', 18000, 2011),
(497, 25, 'Sharp, Phil Q', 4500000, 2010),
(498, 25, 'Moody, Alice H', 2300000, 2014),
(499, 25, 'Jenkins, Chester L', 380000, 2014),
(500, 25, 'Long, Max U', 16000, 2010),
(501, 26, 'Torres, Monique Q', 14000, 2014),
(502, 26, 'Jackson, Conrad G', 8000, 2015),
(503, 26, 'Flores, Roberta X', 4000000, 2012),
(504, 26, 'Webster, Roman Q', 3800000, 2013),
(505, 26, 'Hunt, Terry V', 420000, 2015),
(506, 26, 'Warren, Jeffery X', 20000, 2014),
(507, 26, 'Ortiz, Brad B', 2900000, 2014),
(508, 26, 'Sharp, Phil Q', 20000, 2012),
(509, 26, 'Barber, Alicia L', 2800000, 2014),
(510, 26, 'Moody, Alice H', 36000, 2014),
(511, 26, 'Webb, Shelly N', 1900000, 2014),
(512, 26, 'Moody, Alice H', 2300000, 2012),
(513, 26, 'Jordan, Kara S', 250000, 2013),
(514, 26, 'Glover, Tyler U', 1000, 2014),
(515, 26, 'Bailey, Mona Z', 390000, 2010),
(516, 26, 'Marshall, Sammy P', 2300000, 2012),
(517, 26, 'Houston, Shawna K', 1300000, 2010),
(518, 26, 'Norton, Roberto E', 16000, 2012),
(519, 26, 'Ellis, Randolph F', 350000, 2015),
(520, 26, 'Frazier, Agnes G', 380000, 2012),
(521, 27, 'Warren, Jeffery X', 270000, 2014),
(522, 27, 'Sandoval, Dianne E', 11000, 2012),
(523, 27, 'Bryan, Pablo C', 2800000, 2013),
(524, 27, 'Jenkins, Chester L', 6000, 2015),
(525, 27, 'Greene, Louis W', 360000, 2013),
(526, 27, 'Robbins, Lindsay A', 100000, 2010),
(527, 27, 'Vasquez, Ginger R', 1700000, 2012),
(528, 27, 'Jackson, Conrad G', 12000, 2010),
(529, 27, 'Perez, Isabel B', 2700000, 2015),
(530, 27, 'Rodgers, Lois Q', 3900000, 2012),
(531, 27, 'Lynch, Julius V', 33000, 2013),
(532, 27, 'Roberson, Ellis G', 3000, 2012),
(533, 27, 'Silva, Austin B', 37000, 2014),
(534, 27, 'Ortiz, Brad B', 600000, 2015),
(535, 27, 'Greene, Louis W', 200000, 2012),
(536, 27, 'Murray, Lionel C', 22000, 2012),
(537, 27, 'Barber, Alicia L', 300000, 2013),
(538, 27, 'Wheeler, Wendell U', 50000, 2015),
(539, 27, 'Simpson, Kathleen F', 25000, 2015),
(540, 27, 'Todd, Ken B', 3600000, 2012),
(541, 28, 'Castillo, Wendy S', 40000, 2010),
(542, 28, 'Richardson, Ricky I', 240000, 2012),
(543, 28, 'Mendoza, Pearl C', 370000, 2015),
(544, 28, 'Drake, Naomi J', 1400000, 2011),
(545, 28, 'Chambers, Carla N', 35000, 2013),
(546, 28, 'Briggs, Silvia Q', 3300000, 2013),
(547, 28, 'Briggs, Silvia Q', 15000, 2015),
(548, 28, 'Robbins, Lindsay A', 70000, 2013),
(549, 28, 'Romero, Myron H', 2000, 2014),
(550, 28, 'Webb, Shelly N', 2600000, 2012),
(551, 28, 'Maxwell, Andrew B', 80000, 2013),
(552, 28, 'Marshall, Sammy P', 100000, 2015),
(553, 28, 'Fields, Erick E', 310000, 2015),
(554, 28, 'Rodgers, Lois Q', 33000, 2015),
(555, 28, 'Dawson, Stella Y', 9000, 2010),
(556, 28, 'Houston, Shawna K', 1300000, 2010),
(557, 28, 'Jenkins, Chester L', 3800000, 2012),
(558, 28, 'Silva, Austin B', 230000, 2014),
(559, 28, 'Marshall, Sammy P', 33000, 2011),
(560, 28, 'Vasquez, Ginger R', 2300000, 2015),
(561, 29, 'Ortega, Lynne C', 21000, 2012),
(562, 29, 'Hammond, Jodi G', 13000, 2014),
(563, 29, 'Nguyen, Alexander J', 3800000, 2011),
(564, 29, 'Mason, Jody A', 1700000, 2013),
(565, 29, 'Cobb, Stanley O', 1700000, 2010),
(566, 29, 'Thomas, Dwayne J', 1000, 2011),
(567, 29, 'Sharp, Phil Q', 3400000, 2015),
(568, 29, 'Sharp, Phil Q', 1000, 2012),
(569, 29, 'Ortiz, Brad B', 900000, 2013),
(570, 29, 'Simpson, Kathleen F', 30000, 2013),
(571, 29, 'Saunders, Benny R', 3500000, 2014),
(572, 29, 'Jackson, Conrad G', 90000, 2011),
(573, 29, 'Robbins, Lindsay A', 24000, 2011),
(574, 29, 'Patrick, Kristy F', 3000000, 2011),
(575, 29, 'Perez, Isabel B', 4200000, 2014),
(576, 29, 'Johnson, Lucia Z', 220000, 2010),
(577, 29, 'Edwards, Juan B', 70000, 2011),
(578, 29, 'Richardson, Ricky I', 27000, 2011),
(579, 29, 'Cohen, Al N', 50000, 2010),
(580, 29, 'White, Wilma S', 24000, 2010),
(581, 30, 'Baker, Kristine G', 2900000, 2015),
(582, 30, 'Medina, Steve M', 250000, 2011),
(583, 30, 'Flores, Roberta X', 14000, 2011),
(584, 30, 'Johnson, Lucia Z', 2500000, 2010),
(585, 30, 'Klein, Jermaine W', 44000, 2011),
(586, 30, 'Wright, Jeannie N', 36000, 2015),
(587, 30, 'Holmes, Jana S', 10000, 2013),
(588, 30, 'Jackson, Conrad G', 180000, 2011),
(589, 30, 'Hudson, Antonia R', 3800000, 2015),
(590, 30, 'Thomas, Dwayne J', 44000, 2014),
(591, 30, 'Simpson, Kathleen F', 35000, 2011),
(592, 30, 'Robertson, Ellen Z', 600000, 2012),
(593, 30, 'Flores, Roberta X', 90000, 2015),
(594, 30, 'Curry, Jimmy N', 350000, 2014),
(595, 30, 'Briggs, Silvia Q', 800000, 2012),
(596, 30, 'Drake, Naomi J', 1700000, 2011),
(597, 30, 'Moody, Alice H', 110000, 2012),
(598, 30, 'Nichols, Ashley L', 3000000, 2013),
(599, 30, 'Drake, Naomi J', 2900000, 2013),
(600, 30, 'Jenkins, Chester L', 16000, 2011),
(601, 31, 'Sanders, Tanya A', 190000, 2014),
(602, 31, 'Baker, Kristine G', 300000, 2011),
(603, 31, 'Silva, Austin B', 430000, 2011),
(604, 31, 'Owen, Dwight X', 2300000, 2014),
(605, 31, 'Murphy, Jennifer M', 100000, 2015),
(606, 31, 'Saunders, Benny R', 4400000, 2013),
(607, 31, 'Wilson, Shane D', 35000, 2010),
(608, 31, 'Bass, Christina P', 4100000, 2013),
(609, 31, 'Maxwell, Andrew B', 2000000, 2012),
(610, 31, 'Roberson, Ellis G', 1800000, 2010),
(611, 31, 'Ellis, Randolph F', 39000, 2011),
(612, 31, 'Dawson, Stella Y', 160000, 2015),
(613, 31, 'Owens, Nadine Y', 1400000, 2013),
(614, 31, 'Patrick, Kristy F', 11000, 2015),
(615, 31, 'Torres, Monique Q', 390000, 2011),
(616, 31, 'Wilson, Shane D', 22000, 2011),
(617, 31, 'Baker, Kristine G', 3000, 2010),
(618, 31, 'Ortega, Lynne C', 160000, 2010),
(619, 31, 'Harper, Sam U', 3200000, 2013),
(620, 31, 'Webb, Shelly N', 2500000, 2014),
(621, 32, 'Parker, Ross T', 3900000, 2013),
(622, 32, 'Moss, Vicky G', 280000, 2010),
(623, 32, 'Sandoval, Dianne E', 1700000, 2010),
(624, 32, 'Cole, Guillermo Q', 39000, 2012),
(625, 32, 'Saunders, Benny R', 20000, 2014),
(626, 32, 'Nunez, Lola X', 1100000, 2015),
(627, 32, 'Torres, Monique Q', 1600000, 2010),
(628, 32, 'Edwards, Juan B', 250000, 2012),
(629, 32, 'Klein, Jermaine W', 360000, 2015),
(630, 32, 'Jordan, Kara S', 37000, 2015),
(631, 32, 'Fletcher, Marvin O', 50000, 2014),
(632, 32, 'Norton, Roberto E', 15000, 2010),
(633, 32, 'Chambers, Carla N', 21000, 2013),
(634, 32, 'Klein, Jermaine W', 300000, 2011),
(635, 32, 'Flores, Roberta X', 12000, 2011),
(636, 32, 'Ortega, Lynne C', 3500000, 2015),
(637, 32, 'Rodgers, Lois Q', 25000, 2014),
(638, 32, 'Torres, Monique Q', 110000, 2014),
(639, 32, 'Walsh, Alton N', 60000, 2010),
(640, 32, 'Patrick, Kristy F', 200000, 2011),
(641, 33, 'Butler, Francis F', 2300000, 2012),
(642, 33, 'Cole, Guillermo Q', 410000, 2015),
(643, 33, 'Nunez, Lola X', 330000, 2011),
(644, 33, 'Johnson, Lucia Z', 20000, 2012),
(645, 33, 'Ortega, Lynne C', 360000, 2012),
(646, 33, 'Roberson, Ellis G', 2000000, 2012),
(647, 33, 'Fletcher, Marvin O', 7000, 2013),
(648, 33, 'Fields, Erick E', 4100000, 2012),
(649, 33, 'Owen, Dwight X', 45000, 2015),
(650, 33, 'Joseph, Dominic Y', 1000000, 2010),
(651, 33, 'Fields, Erick E', 270000, 2015),
(652, 33, 'Owen, Dwight X', 18000, 2014),
(653, 33, 'Silva, Austin B', 3700000, 2014),
(654, 33, 'Thomas, Dwayne J', 16000, 2013),
(655, 33, 'Joseph, Dominic Y', 150000, 2014),
(656, 33, 'Rodgers, Lois Q', 250000, 2011),
(657, 33, 'Fletcher, Marvin O', 25000, 2010),
(658, 33, 'Nichols, Ashley L', 2300000, 2010),
(659, 33, 'Sharp, Phil Q', 270000, 2011),
(660, 33, 'Jordan, Kara S', 420000, 2012),
(661, 34, 'Medina, Steve M', 6000, 2010),
(662, 34, 'Reynolds, Marjorie D', 2000000, 2013),
(663, 34, 'Butler, Francis F', 4400000, 2012),
(664, 34, 'Flores, Roberta X', 370000, 2011),
(665, 34, 'White, Wilma S', 12000, 2014),
(666, 34, 'Klein, Jermaine W', 37000, 2012),
(667, 34, 'Jordan, Kara S', 240000, 2014),
(668, 34, 'Nichols, Ashley L', 390000, 2015),
(669, 34, 'Morgan, Paulette M', 3400000, 2011),
(670, 34, 'Norton, Roberto E', 35000, 2011),
(671, 34, 'Saunders, Benny R', 380000, 2010),
(672, 34, 'Robertson, Ellen Z', 43000, 2011),
(673, 34, 'Copeland, Mike C', 210000, 2015),
(674, 34, 'Moody, Alice H', 4000, 2012),
(675, 34, 'Jordan, Kara S', 180000, 2011),
(676, 34, 'Webb, Shelly N', 3900000, 2013),
(677, 34, 'Ortega, Lynne C', 100000, 2012),
(678, 34, 'Estrada, Edgar Y', 110000, 2012),
(679, 34, 'Murphy, Jennifer M', 230000, 2010),
(680, 34, 'Kelley, Ira K', 3200000, 2012),
(681, 35, 'Murray, Lionel C', 33000, 2014),
(682, 35, 'Holmes, Jana S', 60000, 2010),
(683, 35, 'Robertson, Ellen Z', 90000, 2011),
(684, 35, 'Medina, Steve M', 37000, 2015),
(685, 35, 'White, Wilma S', 1100000, 2011),
(686, 35, 'Nunez, Lola X', 37000, 2010),
(687, 35, 'Butler, Francis F', 2900000, 2011),
(688, 35, 'Jackson, Conrad G', 100000, 2015),
(689, 35, 'Harper, Sam U', 290000, 2010),
(690, 35, 'Bates, Jeannette H', 1500000, 2011),
(691, 35, 'Sandoval, Dianne E', 320000, 2015),
(692, 35, 'Sharp, Phil Q', 270000, 2013),
(693, 35, 'Robertson, Ellen Z', 1500000, 2011),
(694, 35, 'Edwards, Juan B', 2900000, 2010),
(695, 35, 'Morgan, Paulette M', 300000, 2013),
(696, 35, 'Phillips, Andre L', 23000, 2015),
(697, 35, 'Webster, Roman Q', 31000, 2014),
(698, 35, 'Butler, Francis F', 230000, 2010),
(699, 35, 'Bryant, Bonnie B', 19000, 2012),
(700, 35, 'Warren, Jeffery X', 120000, 2010),
(701, 36, 'Powell, Leonard H', 340000, 2010),
(702, 36, 'Wheeler, Wendell U', 4500000, 2010),
(703, 36, 'Greene, Louis W', 3300000, 2013),
(704, 36, 'Ramsey, Jorge U', 140000, 2013),
(705, 36, 'Reynolds, Marjorie D', 400000, 2011),
(706, 36, 'Hudson, Antonia R', 40000, 2012),
(707, 36, 'Maxwell, Andrew B', 29000, 2015),
(708, 36, 'Hudson, Antonia R', 60000, 2014),
(709, 36, 'Sandoval, Dianne E', 410000, 2011),
(710, 36, 'Cole, Guillermo Q', 40000, 2013),
(711, 36, 'Nguyen, Alexander J', 11000, 2015),
(712, 36, 'Murphy, Jennifer M', 40000, 2012),
(713, 36, 'Mason, Jody A', 44000, 2014),
(714, 36, 'Barber, Alicia L', 11000, 2012),
(715, 36, 'Glover, Tyler U', 2100000, 2014),
(716, 36, 'Phillips, Andre L', 40000, 2010),
(717, 36, 'Ortega, Lynne C', 200000, 2014),
(718, 36, 'Cohen, Al N', 13000, 2015),
(719, 36, 'Hudson, Antonia R', 50000, 2010),
(720, 36, 'Sanders, Tanya A', 35000, 2012),
(721, 37, 'Sanders, Tanya A', 1800000, 2014),
(722, 37, 'Richardson, Ricky I', 29000, 2012),
(723, 37, 'Todd, Ken B', 15000, 2012),
(724, 37, 'Nguyen, Alexander J', 100000, 2011),
(725, 37, 'Curry, Jimmy N', 340000, 2014),
(726, 37, 'White, Wilma S', 40000, 2015),
(727, 37, 'Sandoval, Dianne E', 1700000, 2011),
(728, 37, 'Hammond, Jodi G', 27000, 2014),
(729, 37, 'Carlson, Thomas A', 3800000, 2010),
(730, 37, 'Sharp, Phil Q', 1400000, 2010),
(731, 37, 'Ortega, Lynne C', 30000, 2012),
(732, 37, 'Fields, Erick E', 1900000, 2013),
(733, 37, 'Baker, Kristine G', 4200000, 2012),
(734, 37, 'Fields, Erick E', 390000, 2014),
(735, 37, 'Reynolds, Marjorie D', 37000, 2014),
(736, 37, 'Silva, Austin B', 900000, 2013),
(737, 37, 'Powell, Leonard H', 370000, 2010),
(738, 37, 'Ortiz, Brad B', 120000, 2015),
(739, 37, 'Jenkins, Chester L', 300000, 2011),
(740, 37, 'Castillo, Wendy S', 210000, 2013),
(741, 38, 'Fields, Erick E', 16000, 2015),
(742, 38, 'Harper, Sam U', 13000, 2011),
(743, 38, 'Vasquez, Ginger R', 200000, 2012),
(744, 38, 'Nunez, Lola X', 150000, 2012),
(745, 38, 'Bass, Christina P', 280000, 2013),
(746, 38, 'Hunt, Terry V', 80000, 2015),
(747, 38, 'Cohen, Al N', 12000, 2012),
(748, 38, 'Bryan, Pablo C', 1900000, 2013),
(749, 38, 'Barber, Alicia L', 4300000, 2010),
(750, 38, 'Ortiz, Brad B', 90000, 2015),
(751, 38, 'Chambers, Carla N', 2700000, 2015),
(752, 38, 'Drake, Naomi J', 310000, 2010),
(753, 38, 'Butler, Francis F', 320000, 2010),
(754, 38, 'Cohen, Al N', 1200000, 2013),
(755, 38, 'Ortiz, Brad B', 290000, 2010),
(756, 38, 'Greene, Louis W', 370000, 2014),
(757, 38, 'Bailey, Mona Z', 40000, 2013),
(758, 38, 'Reynolds, Marjorie D', 210000, 2014),
(759, 38, 'Kelley, Ira K', 2500000, 2010),
(760, 38, 'Jackson, Conrad G', 2900000, 2012),
(761, 39, 'Adams, Ernestine J', 5000, 2010),
(762, 39, 'Frazier, Agnes G', 440000, 2014),
(763, 39, 'Murray, Lionel C', 6000, 2010),
(764, 39, 'Nunez, Lola X', 370000, 2010),
(765, 39, 'Jackson, Conrad G', 33000, 2013),
(766, 39, 'Bryan, Pablo C', 2300000, 2015),
(767, 39, 'Jordan, Kara S', 3200000, 2011),
(768, 39, 'Curry, Jimmy N', 38000, 2011),
(769, 39, 'Powell, Leonard H', 9000, 2010),
(770, 39, 'Copeland, Mike C', 380000, 2013),
(771, 39, 'Johnson, Lucia Z', 60000, 2015),
(772, 39, 'Marshall, Sammy P', 330000, 2014),
(773, 39, 'Sanders, Tanya A', 4000000, 2012),
(774, 39, 'Moss, Vicky G', 200000, 2012),
(775, 39, 'Jackson, Conrad G', 3900000, 2013),
(776, 39, 'Robbins, Lindsay A', 330000, 2012),
(777, 39, 'Jordan, Kara S', 36000, 2011),
(778, 39, 'Mullins, Hazel L', 380000, 2015),
(779, 39, 'Long, Max U', 260000, 2012),
(780, 39, 'Fletcher, Marvin O', 700000, 2013),
(781, 40, 'Edwards, Juan B', 380000, 2013),
(782, 40, 'Bailey, Mona Z', 3200000, 2013),
(783, 40, 'Nichols, Ashley L', 400000, 2015),
(784, 40, 'Perez, Isabel B', 180000, 2015),
(785, 40, 'Sanders, Tanya A', 8000, 2014),
(786, 40, 'Morgan, Paulette M', 130000, 2014),
(787, 40, 'Nguyen, Alexander J', 1300000, 2015),
(788, 40, 'Greene, Louis W', 43000, 2014),
(789, 40, 'Hunt, Terry V', 4000, 2010),
(790, 40, 'Richardson, Ricky I', 3500000, 2011),
(791, 40, 'Owen, Dwight X', 350000, 2011),
(792, 40, 'Hammond, Jodi G', 38000, 2015),
(793, 40, 'Walsh, Alton N', 340000, 2015),
(794, 40, 'Mendoza, Pearl C', 13000, 2013),
(795, 40, 'Lynch, Julius V', 280000, 2015),
(796, 40, 'Ortega, Lynne C', 1500000, 2012),
(797, 40, 'Cohen, Al N', 3300000, 2012),
(798, 40, 'Osborne, Sonya Z', 1600000, 2015),
(799, 40, 'Maxwell, Andrew B', 350000, 2011),
(800, 40, 'Hunt, Terry V', 42000, 2014),
(801, 41, 'Barber, Alicia L', 3400000, 2015),
(802, 41, 'Hudson, Antonia R', 3200000, 2010),
(803, 41, 'Webb, Shelly N', 450000, 2011),
(804, 41, 'Simpson, Kathleen F', 2100000, 2015),
(805, 41, 'Bailey, Mona Z', 3700000, 2014),
(806, 41, 'Carlson, Thomas A', 3200000, 2012),
(807, 41, 'Phillips, Andre L', 180000, 2010),
(808, 41, 'Warren, Jeffery X', 4400000, 2014),
(809, 41, 'Osborne, Sonya Z', 100000, 2012),
(810, 41, 'Fields, Erick E', 100000, 2014),
(811, 41, 'Briggs, Silvia Q', 900000, 2010),
(812, 41, 'Wilson, Shane D', 40000, 2010),
(813, 41, 'Copeland, Mike C', 40000, 2014),
(814, 41, 'Phillips, Andre L', 33000, 2013),
(815, 41, 'Weaver, Tabitha P', 180000, 2012),
(816, 41, 'Copeland, Mike C', 170000, 2010),
(817, 41, 'Moody, Alice H', 39000, 2011),
(818, 41, 'Bryan, Pablo C', 1600000, 2011),
(819, 41, 'Thomas, Dwayne J', 12000, 2013),
(820, 41, 'Osborne, Sonya Z', 3700000, 2013),
(821, 42, 'Bailey, Mona Z', 280000, 2013),
(822, 42, 'Weaver, Tabitha P', 80000, 2010),
(823, 42, 'Maxwell, Andrew B', 32000, 2012),
(824, 42, 'Romero, Myron H', 4000000, 2011),
(825, 42, 'Perez, Isabel B', 31000, 2012),
(826, 42, 'Briggs, Silvia Q', 90000, 2014),
(827, 42, 'Chambers, Carla N', 160000, 2013),
(828, 42, 'Maxwell, Andrew B', 80000, 2011),
(829, 42, 'Adams, Ernestine J', 360000, 2011),
(830, 42, 'Perez, Isabel B', 320000, 2013),
(831, 42, 'Johnson, Lucia Z', 1400000, 2013),
(832, 42, 'Richardson, Ricky I', 15000, 2011),
(833, 42, 'Higgins, Lynn Q', 270000, 2011),
(834, 42, 'Wright, Jeannie N', 300000, 2014),
(835, 42, 'Maxwell, Andrew B', 4300000, 2015),
(836, 42, 'Webb, Shelly N', 380000, 2010),
(837, 42, 'Houston, Shawna K', 3800000, 2013),
(838, 42, 'Johnson, Lucia Z', 290000, 2015),
(839, 42, 'Moody, Alice H', 35000, 2014),
(840, 42, 'Cole, Guillermo Q', 110000, 2015),
(841, 43, 'Nunez, Lola X', 1100000, 2010),
(842, 43, 'Walsh, Alton N', 130000, 2010),
(843, 43, 'Norton, Roberto E', 4500000, 2011),
(844, 43, 'Mason, Jody A', 5000, 2011),
(845, 43, 'Sanders, Tanya A', 4400000, 2013),
(846, 43, 'Fletcher, Marvin O', 410000, 2014),
(847, 43, 'Phillips, Andre L', 150000, 2010),
(848, 43, 'Phillips, Andre L', 24000, 2015),
(849, 43, 'Johnson, Lucia Z', 230000, 2010),
(850, 43, 'Moody, Alice H', 2600000, 2015),
(851, 43, 'Vasquez, Ginger R', 1800000, 2014),
(852, 43, 'Owens, Nadine Y', 1200000, 2011),
(853, 43, 'White, Wilma S', 200000, 2014),
(854, 43, 'Briggs, Silvia Q', 1100000, 2015),
(855, 43, 'Richardson, Ricky I', 2200000, 2012),
(856, 43, 'Holmes, Jana S', 29000, 2012),
(857, 43, 'Richardson, Ricky I', 2100000, 2015),
(858, 43, 'Cobb, Stanley O', 300000, 2013),
(859, 43, 'Johnson, Lucia Z', 150000, 2010),
(860, 43, 'Glover, Tyler U', 39000, 2014),
(861, 44, 'Marshall, Sammy P', 3900000, 2011),
(862, 44, 'Adams, Ernestine J', 1600000, 2015),
(863, 44, 'Mendoza, Pearl C', 310000, 2015),
(864, 44, 'Estrada, Edgar Y', 410000, 2012),
(865, 44, 'Simpson, Kathleen F', 1100000, 2011),
(866, 44, 'Houston, Shawna K', 22000, 2013),
(867, 44, 'Lynch, Julius V', 600000, 2015),
(868, 44, 'Cobb, Stanley O', 340000, 2011),
(869, 44, 'Hudson, Antonia R', 33000, 2015),
(870, 44, 'Robertson, Ellen Z', 18000, 2010),
(871, 44, 'Drake, Naomi J', 3100000, 2010),
(872, 44, 'Greene, Louis W', 4000000, 2012),
(873, 44, 'Maxwell, Andrew B', 23000, 2014),
(874, 44, 'Murray, Lionel C', 27000, 2012),
(875, 44, 'Jordan, Kara S', 430000, 2010),
(876, 44, 'Marshall, Sammy P', 4200000, 2012),
(877, 44, 'Sharp, Phil Q', 450000, 2015),
(878, 44, 'Bailey, Mona Z', 15000, 2012),
(879, 44, 'Sharp, Phil Q', 42000, 2013),
(880, 44, 'Warren, Jeffery X', 20000, 2011),
(881, 45, 'White, Wilma S', 9000, 2011),
(882, 45, 'Silva, Austin B', 24000, 2013),
(883, 45, 'Fields, Erick E', 22000, 2014),
(884, 45, 'Silva, Austin B', 1000, 2012),
(885, 45, 'Murphy, Jennifer M', 200000, 2013),
(886, 45, 'Moss, Vicky G', 4200000, 2010),
(887, 45, 'Murray, Lionel C', 2700000, 2011),
(888, 45, 'Williamson, Arlene R', 430000, 2011),
(889, 45, 'Curry, Jimmy N', 8000, 2015),
(890, 45, 'Chambers, Carla N', 21000, 2011),
(891, 45, 'Wright, Jeannie N', 9000, 2011),
(892, 45, 'Higgins, Lynn Q', 20000, 2011),
(893, 45, 'Nichols, Ashley L', 3800000, 2014),
(894, 45, 'Jenkins, Chester L', 3000, 2010),
(895, 45, 'Torres, Monique Q', 150000, 2010),
(896, 45, 'Weaver, Tabitha P', 24000, 2010),
(897, 45, 'Bryant, Bonnie B', 36000, 2015),
(898, 45, 'Cohen, Al N', 6000, 2015),
(899, 45, 'Silva, Austin B', 9000, 2013),
(900, 45, 'Hunt, Terry V', 4000000, 2012),
(901, 46, 'Rodgers, Lois Q', 240000, 2012),
(902, 46, 'Baker, Kristine G', 2600000, 2011),
(903, 46, 'Butler, Francis F', 40000, 2012),
(904, 46, 'Copeland, Mike C', 1500000, 2015),
(905, 46, 'Simpson, Kathleen F', 3500000, 2010),
(906, 46, 'Harper, Sam U', 14000, 2014),
(907, 46, 'Ellis, Randolph F', 390000, 2011),
(908, 46, 'Romero, Myron H', 330000, 2012),
(909, 46, 'Cobb, Stanley O', 410000, 2015),
(910, 46, 'Ortega, Lynne C', 29000, 2014),
(911, 46, 'Simpson, Kathleen F', 370000, 2011),
(912, 46, 'Wright, Jeannie N', 21000, 2014),
(913, 46, 'Bass, Christina P', 2100000, 2014),
(914, 46, 'Reynolds, Marjorie D', 18000, 2013),
(915, 46, 'Robertson, Ellen Z', 260000, 2011),
(916, 46, 'Ramsey, Jorge U', 5000, 2012),
(917, 46, 'Johnson, Lucia Z', 330000, 2010),
(918, 46, 'Bailey, Mona Z', 8000, 2013),
(919, 46, 'Mullins, Hazel L', 20000, 2013),
(920, 46, 'Hudson, Antonia R', 410000, 2012),
(921, 47, 'Long, Max U', 33000, 2011),
(922, 47, 'Phillips, Andre L', 240000, 2011),
(923, 47, 'Adkins, Rodolfo D', 430000, 2012),
(924, 47, 'Wright, Jeannie N', 2700000, 2015),
(925, 47, 'Copeland, Mike C', 29000, 2014),
(926, 47, 'Jenkins, Chester L', 2800000, 2014),
(927, 47, 'Vasquez, Ginger R', 20000, 2013),
(928, 47, 'Castillo, Wendy S', 120000, 2012),
(929, 47, 'Jenkins, Chester L', 10000, 2014),
(930, 47, 'Jordan, Kara S', 2500000, 2014),
(931, 47, 'Sharp, Phil Q', 1600000, 2013),
(932, 47, 'Greene, Louis W', 130000, 2011),
(933, 47, 'Williamson, Arlene R', 9000, 2012),
(934, 47, 'Joseph, Dominic Y', 70000, 2013),
(935, 47, 'Maxwell, Andrew B', 3000000, 2010),
(936, 47, 'Cohen, Al N', 100000, 2011),
(937, 47, 'Johnson, Lucia Z', 260000, 2015),
(938, 47, 'Butler, Francis F', 10000, 2013),
(939, 47, 'Owens, Nadine Y', 1900000, 2013),
(940, 47, 'Richardson, Ricky I', 30000, 2013),
(941, 48, 'Cohen, Al N', 19000, 2015),
(942, 48, 'Murray, Lionel C', 4200000, 2014),
(943, 48, 'Barber, Alicia L', 8000, 2013),
(944, 48, 'Thomas, Dwayne J', 3600000, 2014),
(945, 48, 'Adams, Ernestine J', 28000, 2011),
(946, 48, 'Baker, Kristine G', 3300000, 2015),
(947, 48, 'Estrada, Edgar Y', 210000, 2011),
(948, 48, 'Bryant, Bonnie B', 9000, 2011),
(949, 48, 'White, Wilma S', 2100000, 2015),
(950, 48, 'Saunders, Benny R', 36000, 2012),
(951, 48, 'Cohen, Al N', 450000, 2014),
(952, 48, 'Morgan, Paulette M', 4500000, 2014),
(953, 48, 'Murphy, Jennifer M', 3900000, 2013),
(954, 48, 'Torres, Monique Q', 2300000, 2015),
(955, 48, 'Flores, Roberta X', 20000, 2012),
(956, 48, 'Richardson, Ricky I', 2500000, 2012),
(957, 48, 'Weaver, Tabitha P', 10000, 2014),
(958, 48, 'White, Wilma S', 70000, 2015),
(959, 48, 'Dawson, Stella Y', 380000, 2014),
(960, 48, 'Silva, Austin B', 34000, 2010),
(961, 49, 'Castillo, Wendy S', 43000, 2010),
(962, 49, 'Powell, Leonard H', 240000, 2010),
(963, 49, 'Owen, Dwight X', 1000, 2011),
(964, 49, 'Cole, Guillermo Q', 3700000, 2012),
(965, 49, 'Rodgers, Lois Q', 110000, 2011),
(966, 49, 'Perez, Isabel B', 1000000, 2010),
(967, 49, 'Castillo, Wendy S', 330000, 2012),
(968, 49, 'Jenkins, Chester L', 1200000, 2013),
(969, 49, 'Osborne, Sonya Z', 4400000, 2015),
(970, 49, 'Walsh, Alton N', 3000, 2011),
(971, 49, 'Vasquez, Ginger R', 43000, 2012),
(972, 49, 'Marshall, Sammy P', 42000, 2014),
(973, 49, 'Hudson, Antonia R', 270000, 2012),
(974, 49, 'Osborne, Sonya Z', 10000, 2013),
(975, 49, 'Cole, Guillermo Q', 28000, 2015),
(976, 49, 'Curry, Jimmy N', 4300000, 2011),
(977, 49, 'Owen, Dwight X', 170000, 2011),
(978, 49, 'Adams, Ernestine J', 3200000, 2013),
(979, 49, 'Nunez, Lola X', 4400000, 2012),
(980, 49, 'Reynolds, Marjorie D', 17000, 2011),
(981, 50, 'Bryant, Bonnie B', 4100000, 2010),
(982, 50, 'Osborne, Sonya Z', 25000, 2012),
(983, 50, 'Cohen, Al N', 420000, 2012),
(984, 50, 'Curry, Jimmy N', 20000, 2015),
(985, 50, 'Ramsey, Jorge U', 2200000, 2014),
(986, 50, 'Perez, Isabel B', 31000, 2012),
(987, 50, 'Jenkins, Chester L', 280000, 2013),
(988, 50, 'Webb, Shelly N', 370000, 2015),
(989, 50, 'Jackson, Conrad G', 3800000, 2014),
(990, 50, 'Hunt, Terry V', 12000, 2014),
(991, 50, 'Bailey, Mona Z', 170000, 2012),
(992, 50, 'Cohen, Al N', 4000000, 2012),
(993, 50, 'Patrick, Kristy F', 160000, 2011),
(994, 50, 'Murphy, Jennifer M', 380000, 2011),
(995, 50, 'Owen, Dwight X', 10000, 2013),
(996, 50, 'Higgins, Lynn Q', 90000, 2011),
(997, 50, 'Kelley, Ira K', 35000, 2013),
(998, 50, 'Hammond, Jodi G', 18000, 2014),
(999, 50, 'Barber, Alicia L', 280000, 2010),
(1000, 50, 'Owen, Dwight X', 2400000, 2011),
(1001, 51, 'Nguyen, Alexander J', 3400000, 2014),
(1002, 51, 'Nguyen, Alexander J', 37000, 2014),
(1003, 51, 'Valdez, Barbara H', 330000, 2015),
(1004, 51, 'Ortiz, Brad B', 1000000, 2013),
(1005, 51, 'Ortega, Lynne C', 100000, 2014),
(1006, 51, 'Simpson, Kathleen F', 370000, 2014),
(1007, 51, 'Vasquez, Ginger R', 90000, 2010),
(1008, 51, 'Nunez, Lola X', 260000, 2015),
(1009, 51, 'Moody, Alice H', 210000, 2013),
(1010, 51, 'Wilson, Shane D', 40000, 2015),
(1011, 51, 'Webb, Shelly N', 4200000, 2014),
(1012, 51, 'Ellis, Randolph F', 220000, 2010),
(1013, 51, 'Castillo, Wendy S', 28000, 2013),
(1014, 51, 'Murphy, Jennifer M', 26000, 2012),
(1015, 51, 'Williamson, Arlene R', 38000, 2011),
(1016, 51, 'Bates, Jeannette H', 50000, 2013),
(1017, 51, 'Weaver, Tabitha P', 230000, 2011),
(1018, 51, 'Johnson, Lucia Z', 30000, 2013),
(1019, 51, 'Romero, Myron H', 1500000, 2010),
(1020, 51, 'Nichols, Ashley L', 28000, 2012),
(1021, 52, 'Romero, Myron H', 200000, 2011),
(1022, 52, 'Marshall, Sammy P', 400000, 2011),
(1023, 52, 'Jackson, Conrad G', 370000, 2010),
(1024, 52, 'Copeland, Mike C', 320000, 2012),
(1025, 52, 'Mullins, Hazel L', 7000, 2015),
(1026, 52, 'Richardson, Ricky I', 280000, 2013),
(1027, 52, 'Frazier, Agnes G', 7000, 2013),
(1028, 52, 'Houston, Shawna K', 11000, 2012),
(1029, 52, 'Nichols, Ashley L', 330000, 2010),
(1030, 52, 'Sandoval, Dianne E', 2100000, 2013),
(1031, 52, 'Ellis, Randolph F', 29000, 2012),
(1032, 52, 'Murphy, Jennifer M', 380000, 2015),
(1033, 52, 'Phillips, Andre L', 4300000, 2014),
(1034, 52, 'Sharp, Phil Q', 2100000, 2015),
(1035, 52, 'Parker, Ross T', 7000, 2012),
(1036, 52, 'Bass, Christina P', 29000, 2011),
(1037, 52, 'Rodgers, Lois Q', 450000, 2012),
(1038, 52, 'Barber, Alicia L', 700000, 2013),
(1039, 52, 'Harper, Sam U', 24000, 2012),
(1040, 52, 'Cohen, Al N', 420000, 2013),
(1041, 53, 'Hudson, Antonia R', 36000, 2011),
(1042, 53, 'Frazier, Agnes G', 2800000, 2011),
(1043, 53, 'Medina, Steve M', 230000, 2011),
(1044, 53, 'Richardson, Ricky I', 170000, 2010),
(1045, 53, 'Johnson, Lucia Z', 31000, 2010),
(1046, 53, 'Simpson, Kathleen F', 200000, 2012),
(1047, 53, 'Bailey, Mona Z', 4100000, 2013),
(1048, 53, 'Nichols, Ashley L', 3000000, 2012),
(1049, 53, 'Flores, Roberta X', 38000, 2014),
(1050, 53, 'Cohen, Al N', 1800000, 2014),
(1051, 53, 'Robertson, Ellen Z', 1800000, 2013),
(1052, 53, 'Baker, Kristine G', 20000, 2012),
(1053, 53, 'Ortega, Lynne C', 2400000, 2015),
(1054, 53, 'Williamson, Arlene R', 100000, 2011),
(1055, 53, 'Murray, Lionel C', 90000, 2010),
(1056, 53, 'Higgins, Lynn Q', 4100000, 2013),
(1057, 53, 'Todd, Ken B', 20000, 2010),
(1058, 53, 'Lynch, Julius V', 21000, 2010),
(1059, 53, 'Robertson, Ellen Z', 1100000, 2012),
(1060, 53, 'Webster, Roman Q', 900000, 2011),
(1061, 54, 'Mullins, Hazel L', 4400000, 2010),
(1062, 54, 'Bailey, Mona Z', 340000, 2013),
(1063, 54, 'Higgins, Lynn Q', 22000, 2015),
(1064, 54, 'Morgan, Paulette M', 4000, 2013),
(1065, 54, 'Maxwell, Andrew B', 160000, 2012),
(1066, 54, 'Butler, Francis F', 33000, 2014),
(1067, 54, 'Webster, Roman Q', 450000, 2010),
(1068, 54, 'Fields, Erick E', 170000, 2010),
(1069, 54, 'Nichols, Ashley L', 10000, 2012),
(1070, 54, 'Moody, Alice H', 34000, 2013),
(1071, 54, 'Johnson, Lucia Z', 360000, 2013),
(1072, 54, 'Adams, Ernestine J', 2300000, 2011),
(1073, 54, 'Medina, Steve M', 130000, 2011),
(1074, 54, 'Nunez, Lola X', 2200000, 2010),
(1075, 54, 'Warren, Jeffery X', 16000, 2015),
(1076, 54, 'Adkins, Rodolfo D', 3500000, 2013),
(1077, 54, 'Dawson, Stella Y', 1000, 2013),
(1078, 54, 'Joseph, Dominic Y', 15000, 2012),
(1079, 54, 'Jackson, Conrad G', 1900000, 2014),
(1080, 54, 'Maxwell, Andrew B', 100000, 2010),
(1081, 55, 'Sandoval, Dianne E', 1000000, 2011),
(1082, 55, 'Copeland, Mike C', 30000, 2014),
(1083, 55, 'Warren, Jeffery X', 370000, 2015),
(1084, 55, 'Sandoval, Dianne E', 1700000, 2011),
(1085, 55, 'Jordan, Kara S', 10000, 2013),
(1086, 55, 'Harper, Sam U', 44000, 2014),
(1087, 55, 'Wright, Jeannie N', 15000, 2011),
(1088, 55, 'Cole, Guillermo Q', 240000, 2014),
(1089, 55, 'Thomas, Dwayne J', 60000, 2012),
(1090, 55, 'Hudson, Antonia R', 24000, 2014),
(1091, 55, 'Holmes, Jana S', 240000, 2013),
(1092, 55, 'Curry, Jimmy N', 3400000, 2012),
(1093, 55, 'Moss, Vicky G', 5000, 2012),
(1094, 55, 'Mullins, Hazel L', 29000, 2012),
(1095, 55, 'Drake, Naomi J', 42000, 2010),
(1096, 55, 'Torres, Monique Q', 140000, 2014),
(1097, 55, 'Osborne, Sonya Z', 37000, 2014),
(1098, 55, 'Klein, Jermaine W', 2800000, 2012),
(1099, 55, 'Todd, Ken B', 3500000, 2012),
(1100, 55, 'Ortega, Lynne C', 70000, 2015),
(1101, 56, 'Thomas, Dwayne J', 80000, 2015),
(1102, 56, 'Valdez, Barbara H', 3600000, 2011),
(1103, 56, 'Fletcher, Marvin O', 370000, 2013),
(1104, 56, 'Holmes, Jana S', 23000, 2010),
(1105, 56, 'Sharp, Phil Q', 4500000, 2011),
(1106, 56, 'Carlson, Thomas A', 11000, 2013),
(1107, 56, 'Todd, Ken B', 1300000, 2012),
(1108, 56, 'Hudson, Antonia R', 32000, 2013),
(1109, 56, 'Jackson, Conrad G', 80000, 2010),
(1110, 56, 'Walsh, Alton N', 45000, 2010),
(1111, 56, 'Jordan, Kara S', 41000, 2010),
(1112, 56, 'Glover, Tyler U', 9000, 2011),
(1113, 56, 'Walsh, Alton N', 34000, 2012),
(1114, 56, 'Robertson, Ellen Z', 27000, 2010),
(1115, 56, 'Powell, Leonard H', 110000, 2010),
(1116, 56, 'Mendoza, Pearl C', 200000, 2012),
(1117, 56, 'White, Wilma S', 3800000, 2011),
(1118, 56, 'Frazier, Agnes G', 350000, 2010),
(1119, 56, 'Warren, Jeffery X', 300000, 2010),
(1120, 56, 'Nichols, Ashley L', 120000, 2015),
(1121, 57, 'Butler, Francis F', 80000, 2015),
(1122, 57, 'Patrick, Kristy F', 250000, 2012),
(1123, 57, 'Silva, Austin B', 7000, 2014),
(1124, 57, 'Saunders, Benny R', 27000, 2011),
(1125, 57, 'Silva, Austin B', 160000, 2014),
(1126, 57, 'Roberson, Ellis G', 130000, 2012),
(1127, 57, 'Bryan, Pablo C', 1000, 2013),
(1128, 57, 'Adams, Ernestine J', 200000, 2011),
(1129, 57, 'Hammond, Jodi G', 14000, 2013),
(1130, 57, 'Baker, Kristine G', 39000, 2015),
(1131, 57, 'Hunt, Terry V', 370000, 2014),
(1132, 57, 'Robertson, Ellen Z', 4400000, 2014),
(1133, 57, 'Maxwell, Andrew B', 1100000, 2013),
(1134, 57, 'Johnson, Lucia Z', 38000, 2013),
(1135, 57, 'Castillo, Wendy S', 1000000, 2015),
(1136, 57, 'Osborne, Sonya Z', 3000000, 2010),
(1137, 57, 'Walsh, Alton N', 240000, 2015),
(1138, 57, 'Cobb, Stanley O', 400000, 2014),
(1139, 57, 'Mendoza, Pearl C', 60000, 2011),
(1140, 57, 'Hammond, Jodi G', 1000, 2012),
(1141, 58, 'Simpson, Kathleen F', 1900000, 2011),
(1142, 58, 'Sharp, Phil Q', 90000, 2010),
(1143, 58, 'Chambers, Carla N', 30000, 2013),
(1144, 58, 'Webb, Shelly N', 30000, 2013),
(1145, 58, 'Bryan, Pablo C', 600000, 2014),
(1146, 58, 'Fletcher, Marvin O', 270000, 2014),
(1147, 58, 'Nichols, Ashley L', 3000000, 2010),
(1148, 58, 'Owen, Dwight X', 15000, 2011),
(1149, 58, 'Torres, Monique Q', 1500000, 2014),
(1150, 58, 'Nunez, Lola X', 26000, 2010),
(1151, 58, 'Kelley, Ira K', 160000, 2015),
(1152, 58, 'Bryan, Pablo C', 70000, 2013),
(1153, 58, 'Rodgers, Lois Q', 10000, 2013),
(1154, 58, 'Fletcher, Marvin O', 150000, 2014),
(1155, 58, 'Nichols, Ashley L', 270000, 2013),
(1156, 58, 'Nguyen, Alexander J', 35000, 2010),
(1157, 58, 'Reynolds, Marjorie D', 22000, 2015),
(1158, 58, 'Mason, Jody A', 2100000, 2013),
(1159, 58, 'Roberson, Ellis G', 32000, 2014),
(1160, 58, 'Owens, Nadine Y', 1300000, 2010),
(1161, 59, 'Dawson, Stella Y', 24000, 2015),
(1162, 59, 'Jackson, Conrad G', 1200000, 2015),
(1163, 59, 'Curry, Jimmy N', 3400000, 2013),
(1164, 59, 'Parker, Ross T', 18000, 2014),
(1165, 59, 'Butler, Francis F', 50000, 2011),
(1166, 59, 'Wilson, Shane D', 30000, 2012),
(1167, 59, 'Bates, Jeannette H', 1000000, 2013),
(1168, 59, 'Bryan, Pablo C', 2800000, 2015),
(1169, 59, 'Robertson, Ellen Z', 350000, 2013),
(1170, 59, 'Cole, Guillermo Q', 8000, 2013),
(1171, 59, 'Adkins, Rodolfo D', 20000, 2010),
(1172, 59, 'Carlson, Thomas A', 28000, 2014),
(1173, 59, 'Torres, Monique Q', 1400000, 2010),
(1174, 59, 'Flores, Roberta X', 3400000, 2014);
INSERT INTO `donation` (`id`, `person_id`, `donor`, `amount`, `year`) VALUES
(1175, 59, 'Hunt, Terry V', 20000, 2010),
(1176, 59, 'Moss, Vicky G', 1300000, 2013),
(1177, 59, 'Higgins, Lynn Q', 1300000, 2012),
(1178, 59, 'Simpson, Kathleen F', 10000, 2011),
(1179, 59, 'Bryan, Pablo C', 500000, 2014),
(1180, 59, 'Valdez, Barbara H', 4100000, 2011),
(1181, 60, 'Sandoval, Dianne E', 250000, 2010),
(1182, 60, 'Patrick, Kristy F', 2300000, 2010),
(1183, 60, 'Cole, Guillermo Q', 390000, 2014),
(1184, 60, 'Ortiz, Brad B', 400000, 2015),
(1185, 60, 'Castillo, Wendy S', 3800000, 2011),
(1186, 60, 'Bailey, Mona Z', 37000, 2015),
(1187, 60, 'Romero, Myron H', 40000, 2010),
(1188, 60, 'Richardson, Ricky I', 8000, 2013),
(1189, 60, 'Fields, Erick E', 900000, 2015),
(1190, 60, 'Owen, Dwight X', 6000, 2013),
(1191, 60, 'Wilson, Shane D', 2300000, 2015),
(1192, 60, 'Thomas, Dwayne J', 420000, 2014),
(1193, 60, 'Thomas, Dwayne J', 250000, 2012),
(1194, 60, 'Nguyen, Alexander J', 70000, 2010),
(1195, 60, 'Frazier, Agnes G', 280000, 2011),
(1196, 60, 'Medina, Steve M', 270000, 2011),
(1197, 60, 'Ortiz, Brad B', 3800000, 2015),
(1198, 60, 'Mendoza, Pearl C', 10000, 2011),
(1199, 60, 'Walsh, Alton N', 2000000, 2012),
(1200, 60, 'Nunez, Lola X', 29000, 2015),
(1201, 61, 'Todd, Ken B', 370000, 2012),
(1202, 61, 'Parker, Ross T', 100000, 2012),
(1203, 61, 'Maxwell, Andrew B', 40000, 2012),
(1204, 61, 'Curry, Jimmy N', 160000, 2015),
(1205, 61, 'Bates, Jeannette H', 420000, 2011),
(1206, 61, 'Sharp, Phil Q', 430000, 2010),
(1207, 61, 'Long, Max U', 23000, 2015),
(1208, 61, 'Rodgers, Lois Q', 4300000, 2015),
(1209, 61, 'Reynolds, Marjorie D', 43000, 2010),
(1210, 61, 'Estrada, Edgar Y', 280000, 2014),
(1211, 61, 'Fields, Erick E', 800000, 2014),
(1212, 61, 'Jordan, Kara S', 200000, 2012),
(1213, 61, 'Wilson, Shane D', 20000, 2011),
(1214, 61, 'Simpson, Kathleen F', 8000, 2013),
(1215, 61, 'Chambers, Carla N', 3600000, 2013),
(1216, 61, 'Murray, Lionel C', 31000, 2015),
(1217, 61, 'Houston, Shawna K', 70000, 2015),
(1218, 61, 'Owen, Dwight X', 36000, 2015),
(1219, 61, 'Castillo, Wendy S', 4400000, 2015),
(1220, 61, 'Fletcher, Marvin O', 36000, 2012),
(1221, 62, 'Copeland, Mike C', 28000, 2014),
(1222, 62, 'Norton, Roberto E', 40000, 2014),
(1223, 62, 'Adams, Ernestine J', 340000, 2015),
(1224, 62, 'Ortiz, Brad B', 200000, 2014),
(1225, 62, 'Barber, Alicia L', 70000, 2012),
(1226, 62, 'Estrada, Edgar Y', 41000, 2015),
(1227, 62, 'Frazier, Agnes G', 200000, 2015),
(1228, 62, 'Castillo, Wendy S', 50000, 2012),
(1229, 62, 'Moody, Alice H', 39000, 2010),
(1230, 62, 'Drake, Naomi J', 400000, 2014),
(1231, 62, 'Sandoval, Dianne E', 40000, 2014),
(1232, 62, 'Mendoza, Pearl C', 250000, 2010),
(1233, 62, 'Moody, Alice H', 18000, 2013),
(1234, 62, 'Owens, Nadine Y', 38000, 2013),
(1235, 62, 'Wheeler, Wendell U', 5000, 2011),
(1236, 62, 'Maxwell, Andrew B', 3000, 2013),
(1237, 62, 'Jackson, Conrad G', 1000, 2013),
(1238, 62, 'Klein, Jermaine W', 10000, 2010),
(1239, 62, 'Wilson, Shane D', 110000, 2011),
(1240, 62, 'Romero, Myron H', 4100000, 2010),
(1241, 63, 'Sharp, Phil Q', 10000, 2013),
(1242, 63, 'Briggs, Silvia Q', 45000, 2013),
(1243, 63, 'Romero, Myron H', 4000000, 2011),
(1244, 63, 'Barber, Alicia L', 3500000, 2013),
(1245, 63, 'Dawson, Stella Y', 33000, 2012),
(1246, 63, 'Wheeler, Wendell U', 240000, 2015),
(1247, 63, 'Mason, Jody A', 34000, 2015),
(1248, 63, 'Johnson, Lucia Z', 3000, 2013),
(1249, 63, 'Adkins, Rodolfo D', 38000, 2012),
(1250, 63, 'Nunez, Lola X', 1800000, 2014),
(1251, 63, 'Perez, Isabel B', 250000, 2012),
(1252, 63, 'Estrada, Edgar Y', 80000, 2013),
(1253, 63, 'Sanders, Tanya A', 280000, 2010),
(1254, 63, 'Mason, Jody A', 1100000, 2010),
(1255, 63, 'Robbins, Lindsay A', 4000000, 2015),
(1256, 63, 'Robbins, Lindsay A', 12000, 2010),
(1257, 63, 'Jackson, Conrad G', 10000, 2013),
(1258, 63, 'Marshall, Sammy P', 23000, 2010),
(1259, 63, 'Vasquez, Ginger R', 45000, 2013),
(1260, 63, 'Osborne, Sonya Z', 16000, 2013),
(1261, 64, 'Richardson, Ricky I', 19000, 2013),
(1262, 64, 'Curry, Jimmy N', 1800000, 2014),
(1263, 64, 'Webb, Shelly N', 1600000, 2015),
(1264, 64, 'Glover, Tyler U', 4100000, 2014),
(1265, 64, 'Rodgers, Lois Q', 190000, 2014),
(1266, 64, 'Norton, Roberto E', 3600000, 2010),
(1267, 64, 'Valdez, Barbara H', 3000, 2011),
(1268, 64, 'Kelley, Ira K', 300000, 2010),
(1269, 64, 'Long, Max U', 30000, 2011),
(1270, 64, 'Flores, Roberta X', 300000, 2013),
(1271, 64, 'Estrada, Edgar Y', 4000000, 2012),
(1272, 64, 'Bryan, Pablo C', 3800000, 2010),
(1273, 64, 'Ramsey, Jorge U', 450000, 2014),
(1274, 64, 'Fields, Erick E', 210000, 2011),
(1275, 64, 'Chambers, Carla N', 1100000, 2011),
(1276, 64, 'Marshall, Sammy P', 28000, 2014),
(1277, 64, 'Walsh, Alton N', 23000, 2013),
(1278, 64, 'Hammond, Jodi G', 24000, 2010),
(1279, 64, 'Jackson, Conrad G', 26000, 2013),
(1280, 64, 'Rodgers, Lois Q', 4000000, 2011),
(1281, 65, 'Murray, Lionel C', 10000, 2012),
(1282, 65, 'Norton, Roberto E', 10000, 2014),
(1283, 65, 'Harper, Sam U', 340000, 2015),
(1284, 65, 'Adkins, Rodolfo D', 160000, 2010),
(1285, 65, 'Harper, Sam U', 35000, 2011),
(1286, 65, 'Wright, Jeannie N', 26000, 2015),
(1287, 65, 'Patrick, Kristy F', 600000, 2015),
(1288, 65, 'Owen, Dwight X', 2200000, 2012),
(1289, 65, 'Dawson, Stella Y', 21000, 2012),
(1290, 65, 'Silva, Austin B', 4200000, 2010),
(1291, 65, 'Bryan, Pablo C', 240000, 2010),
(1292, 65, 'Owens, Nadine Y', 28000, 2013),
(1293, 65, 'Valdez, Barbara H', 1800000, 2012),
(1294, 65, 'Edwards, Juan B', 1700000, 2013),
(1295, 65, 'Harper, Sam U', 3200000, 2015),
(1296, 65, 'Mason, Jody A', 4000000, 2012),
(1297, 65, 'Fields, Erick E', 270000, 2013),
(1298, 65, 'Phillips, Andre L', 1000, 2012),
(1299, 65, 'Fletcher, Marvin O', 180000, 2014),
(1300, 65, 'Klein, Jermaine W', 45000, 2012),
(1301, 66, 'Klein, Jermaine W', 190000, 2015),
(1302, 66, 'Warren, Jeffery X', 50000, 2014),
(1303, 66, 'Silva, Austin B', 200000, 2014),
(1304, 66, 'Powell, Leonard H', 44000, 2011),
(1305, 66, 'Patrick, Kristy F', 3800000, 2011),
(1306, 66, 'Reynolds, Marjorie D', 200000, 2013),
(1307, 66, 'Mullins, Hazel L', 400000, 2010),
(1308, 66, 'Nichols, Ashley L', 440000, 2010),
(1309, 66, 'Saunders, Benny R', 24000, 2015),
(1310, 66, 'Ortiz, Brad B', 600000, 2011),
(1311, 66, 'Lynch, Julius V', 2000000, 2013),
(1312, 66, 'Owens, Nadine Y', 17000, 2014),
(1313, 66, 'Drake, Naomi J', 20000, 2011),
(1314, 66, 'Bryant, Bonnie B', 100000, 2013),
(1315, 66, 'Edwards, Juan B', 1100000, 2014),
(1316, 66, 'Cobb, Stanley O', 17000, 2015),
(1317, 66, 'Fletcher, Marvin O', 900000, 2013),
(1318, 66, 'Nichols, Ashley L', 3100000, 2013),
(1319, 66, 'Rodgers, Lois Q', 4000, 2015),
(1320, 66, 'Walsh, Alton N', 340000, 2014),
(1321, 67, 'Drake, Naomi J', 45000, 2013),
(1322, 67, 'Fields, Erick E', 4000, 2015),
(1323, 67, 'Curry, Jimmy N', 1200000, 2015),
(1324, 67, 'Joseph, Dominic Y', 8000, 2010),
(1325, 67, 'Fields, Erick E', 2600000, 2014),
(1326, 67, 'Cobb, Stanley O', 41000, 2012),
(1327, 67, 'Osborne, Sonya Z', 4200000, 2011),
(1328, 67, 'Glover, Tyler U', 100000, 2010),
(1329, 67, 'Norton, Roberto E', 300000, 2012),
(1330, 67, 'White, Wilma S', 1500000, 2014),
(1331, 67, 'Hudson, Antonia R', 42000, 2010),
(1332, 67, 'Maxwell, Andrew B', 40000, 2015),
(1333, 67, 'Rodgers, Lois Q', 16000, 2011),
(1334, 67, 'Drake, Naomi J', 2200000, 2015),
(1335, 67, 'Higgins, Lynn Q', 4100000, 2013),
(1336, 67, 'Williamson, Arlene R', 360000, 2011),
(1337, 67, 'Mullins, Hazel L', 1000, 2015),
(1338, 67, 'Wheeler, Wendell U', 110000, 2013),
(1339, 67, 'Cohen, Al N', 370000, 2013),
(1340, 67, 'Butler, Francis F', 8000, 2015),
(1341, 68, 'Owens, Nadine Y', 300000, 2014),
(1342, 68, 'Morgan, Paulette M', 420000, 2014),
(1343, 68, 'Adkins, Rodolfo D', 1000, 2014),
(1344, 68, 'Rodgers, Lois Q', 2000, 2013),
(1345, 68, 'Maxwell, Andrew B', 44000, 2011),
(1346, 68, 'Cohen, Al N', 16000, 2011),
(1347, 68, 'Nichols, Ashley L', 3900000, 2013),
(1348, 68, 'Cole, Guillermo Q', 4200000, 2012),
(1349, 68, 'Valdez, Barbara H', 3400000, 2012),
(1350, 68, 'Rodgers, Lois Q', 250000, 2014),
(1351, 68, 'Bailey, Mona Z', 360000, 2011),
(1352, 68, 'Baker, Kristine G', 350000, 2015),
(1353, 68, 'Jenkins, Chester L', 2600000, 2011),
(1354, 68, 'Powell, Leonard H', 35000, 2013),
(1355, 68, 'Nichols, Ashley L', 160000, 2012),
(1356, 68, 'Saunders, Benny R', 380000, 2013),
(1357, 68, 'Wilson, Shane D', 30000, 2011),
(1358, 68, 'Cobb, Stanley O', 29000, 2011),
(1359, 68, 'Hudson, Antonia R', 3800000, 2011),
(1360, 68, 'Silva, Austin B', 330000, 2013),
(1361, 69, 'Holmes, Jana S', 2400000, 2012),
(1362, 69, 'Todd, Ken B', 290000, 2014),
(1363, 69, 'Greene, Louis W', 3800000, 2013),
(1364, 69, 'Fletcher, Marvin O', 2200000, 2013),
(1365, 69, 'Drake, Naomi J', 1900000, 2015),
(1366, 69, 'Vasquez, Ginger R', 26000, 2014),
(1367, 69, 'Moody, Alice H', 4200000, 2013),
(1368, 69, 'Baker, Kristine G', 1800000, 2010),
(1369, 69, 'Marshall, Sammy P', 400000, 2015),
(1370, 69, 'Richardson, Ricky I', 1200000, 2014),
(1371, 69, 'Cole, Guillermo Q', 39000, 2012),
(1372, 69, 'Higgins, Lynn Q', 28000, 2010),
(1373, 69, 'Estrada, Edgar Y', 380000, 2015),
(1374, 69, 'Frazier, Agnes G', 40000, 2010),
(1375, 69, 'Briggs, Silvia Q', 120000, 2015),
(1376, 69, 'Thomas, Dwayne J', 5000, 2014),
(1377, 69, 'Glover, Tyler U', 17000, 2014),
(1378, 69, 'Murphy, Jennifer M', 19000, 2010),
(1379, 69, 'Hudson, Antonia R', 3400000, 2012),
(1380, 69, 'Robertson, Ellen Z', 410000, 2015),
(1381, 70, 'Edwards, Juan B', 100000, 2010),
(1382, 70, 'Drake, Naomi J', 1200000, 2010),
(1383, 70, 'Rodgers, Lois Q', 1000000, 2014),
(1384, 70, 'Hammond, Jodi G', 1700000, 2014),
(1385, 70, 'Frazier, Agnes G', 40000, 2014),
(1386, 70, 'Butler, Francis F', 440000, 2015),
(1387, 70, 'Torres, Monique Q', 140000, 2012),
(1388, 70, 'Thomas, Dwayne J', 7000, 2012),
(1389, 70, 'Ramsey, Jorge U', 340000, 2014),
(1390, 70, 'Baker, Kristine G', 220000, 2015),
(1391, 70, 'Nichols, Ashley L', 11000, 2014),
(1392, 70, 'Morgan, Paulette M', 2300000, 2015),
(1393, 70, 'Roberson, Ellis G', 41000, 2014),
(1394, 70, 'Baker, Kristine G', 43000, 2012),
(1395, 70, 'Joseph, Dominic Y', 2700000, 2015),
(1396, 70, 'Perez, Isabel B', 180000, 2014),
(1397, 70, 'Rodgers, Lois Q', 1500000, 2011),
(1398, 70, 'Jordan, Kara S', 60000, 2015),
(1399, 70, 'Barber, Alicia L', 2300000, 2012),
(1400, 70, 'Moody, Alice H', 280000, 2010),
(1401, 71, 'Moody, Alice H', 6000, 2013),
(1402, 71, 'Long, Max U', 390000, 2012),
(1403, 71, 'Warren, Jeffery X', 39000, 2012),
(1404, 71, 'Murphy, Jennifer M', 290000, 2011),
(1405, 71, 'Medina, Steve M', 3600000, 2014),
(1406, 71, 'Ortiz, Brad B', 60000, 2011),
(1407, 71, 'Torres, Monique Q', 3800000, 2010),
(1408, 71, 'White, Wilma S', 40000, 2012),
(1409, 71, 'Webster, Roman Q', 3400000, 2012),
(1410, 71, 'Powell, Leonard H', 150000, 2010),
(1411, 71, 'Hudson, Antonia R', 180000, 2015),
(1412, 71, 'Adkins, Rodolfo D', 60000, 2012),
(1413, 71, 'Romero, Myron H', 210000, 2011),
(1414, 71, 'Simpson, Kathleen F', 2000000, 2013),
(1415, 71, 'Cohen, Al N', 390000, 2011),
(1416, 71, 'Murphy, Jennifer M', 280000, 2015),
(1417, 71, 'Bryant, Bonnie B', 27000, 2014),
(1418, 71, 'Ortiz, Brad B', 11000, 2011),
(1419, 71, 'Frazier, Agnes G', 2000000, 2013),
(1420, 71, 'Moody, Alice H', 240000, 2010),
(1421, 72, 'Parker, Ross T', 330000, 2015),
(1422, 72, 'Morgan, Paulette M', 1200000, 2013),
(1423, 72, 'Simpson, Kathleen F', 800000, 2010),
(1424, 72, 'Fletcher, Marvin O', 180000, 2012),
(1425, 72, 'Flores, Roberta X', 13000, 2014),
(1426, 72, 'Morgan, Paulette M', 100000, 2010),
(1427, 72, 'Warren, Jeffery X', 1700000, 2010),
(1428, 72, 'Medina, Steve M', 220000, 2012),
(1429, 72, 'Moody, Alice H', 80000, 2013),
(1430, 72, 'Nguyen, Alexander J', 150000, 2010),
(1431, 72, 'Briggs, Silvia Q', 210000, 2012),
(1432, 72, 'Wright, Jeannie N', 15000, 2014),
(1433, 72, 'Cobb, Stanley O', 40000, 2012),
(1434, 72, 'Curry, Jimmy N', 2800000, 2014),
(1435, 72, 'Sharp, Phil Q', 350000, 2011),
(1436, 72, 'Copeland, Mike C', 280000, 2015),
(1437, 72, 'Torres, Monique Q', 2800000, 2010),
(1438, 72, 'Hammond, Jodi G', 12000, 2013),
(1439, 72, 'Sandoval, Dianne E', 4200000, 2010),
(1440, 72, 'Osborne, Sonya Z', 1000, 2010),
(1441, 73, 'Adkins, Rodolfo D', 36000, 2011),
(1442, 73, 'Weaver, Tabitha P', 3000, 2011),
(1443, 73, 'Marshall, Sammy P', 8000, 2012),
(1444, 73, 'Torres, Monique Q', 220000, 2013),
(1445, 73, 'Torres, Monique Q', 28000, 2011),
(1446, 73, 'Morgan, Paulette M', 20000, 2010),
(1447, 73, 'Houston, Shawna K', 200000, 2012),
(1448, 73, 'Curry, Jimmy N', 1000000, 2014),
(1449, 73, 'Hammond, Jodi G', 320000, 2011),
(1450, 73, 'Todd, Ken B', 41000, 2010),
(1451, 73, 'Johnson, Lucia Z', 120000, 2010),
(1452, 73, 'Valdez, Barbara H', 20000, 2013),
(1453, 73, 'Klein, Jermaine W', 90000, 2011),
(1454, 73, 'Castillo, Wendy S', 300000, 2015),
(1455, 73, 'Johnson, Lucia Z', 1200000, 2015),
(1456, 73, 'Todd, Ken B', 300000, 2010),
(1457, 73, 'Williamson, Arlene R', 100000, 2014),
(1458, 73, 'Valdez, Barbara H', 27000, 2010),
(1459, 73, 'Patrick, Kristy F', 360000, 2010),
(1460, 73, 'Sandoval, Dianne E', 380000, 2013),
(1461, 74, 'Patrick, Kristy F', 230000, 2013),
(1462, 74, 'Cohen, Al N', 42000, 2013),
(1463, 74, 'Barber, Alicia L', 36000, 2011),
(1464, 74, 'Roberson, Ellis G', 1800000, 2010),
(1465, 74, 'Hunt, Terry V', 120000, 2011),
(1466, 74, 'Higgins, Lynn Q', 2200000, 2014),
(1467, 74, 'Estrada, Edgar Y', 28000, 2014),
(1468, 74, 'Powell, Leonard H', 420000, 2014),
(1469, 74, 'Ellis, Randolph F', 3000, 2013),
(1470, 74, 'Bailey, Mona Z', 1100000, 2015),
(1471, 74, 'White, Wilma S', 90000, 2014),
(1472, 74, 'Higgins, Lynn Q', 430000, 2010),
(1473, 74, 'Kelley, Ira K', 20000, 2015),
(1474, 74, 'Torres, Monique Q', 100000, 2013),
(1475, 74, 'Moss, Vicky G', 2300000, 2010),
(1476, 74, 'Simpson, Kathleen F', 1000, 2012),
(1477, 74, 'Osborne, Sonya Z', 9000, 2012),
(1478, 74, 'Curry, Jimmy N', 20000, 2015),
(1479, 74, 'Silva, Austin B', 2000000, 2013),
(1480, 74, 'Joseph, Dominic Y', 8000, 2011),
(1481, 75, 'Briggs, Silvia Q', 21000, 2015),
(1482, 75, 'Valdez, Barbara H', 27000, 2012),
(1483, 75, 'Maxwell, Andrew B', 340000, 2013),
(1484, 75, 'Nguyen, Alexander J', 4400000, 2010),
(1485, 75, 'Warren, Jeffery X', 180000, 2012),
(1486, 75, 'Simpson, Kathleen F', 3100000, 2012),
(1487, 75, 'Sandoval, Dianne E', 31000, 2013),
(1488, 75, 'Walsh, Alton N', 27000, 2015),
(1489, 75, 'Robbins, Lindsay A', 270000, 2012),
(1490, 75, 'Johnson, Lucia Z', 39000, 2010),
(1491, 75, 'White, Wilma S', 40000, 2011),
(1492, 75, 'Weaver, Tabitha P', 50000, 2015),
(1493, 75, 'Perez, Isabel B', 190000, 2011),
(1494, 75, 'Chambers, Carla N', 32000, 2015),
(1495, 75, 'Osborne, Sonya Z', 700000, 2013),
(1496, 75, 'Hunt, Terry V', 300000, 2013),
(1497, 75, 'White, Wilma S', 160000, 2014),
(1498, 75, 'Drake, Naomi J', 11000, 2013),
(1499, 75, 'Jordan, Kara S', 390000, 2013),
(1500, 75, 'Chambers, Carla N', 430000, 2013),
(1501, 76, 'Baker, Kristine G', 4500000, 2013),
(1502, 76, 'Castillo, Wendy S', 380000, 2015),
(1503, 76, 'Murphy, Jennifer M', 270000, 2010),
(1504, 76, 'Estrada, Edgar Y', 2600000, 2015),
(1505, 76, 'Phillips, Andre L', 28000, 2013),
(1506, 76, 'Joseph, Dominic Y', 34000, 2010),
(1507, 76, 'Long, Max U', 2000000, 2010),
(1508, 76, 'Todd, Ken B', 270000, 2011),
(1509, 76, 'Bryant, Bonnie B', 1500000, 2014),
(1510, 76, 'Roberson, Ellis G', 800000, 2013),
(1511, 76, 'Houston, Shawna K', 38000, 2012),
(1512, 76, 'Osborne, Sonya Z', 17000, 2011),
(1513, 76, 'Jordan, Kara S', 210000, 2011),
(1514, 76, 'Ellis, Randolph F', 200000, 2013),
(1515, 76, 'Bass, Christina P', 40000, 2011),
(1516, 76, 'Bryant, Bonnie B', 350000, 2013),
(1517, 76, 'Murray, Lionel C', 20000, 2015),
(1518, 76, 'Klein, Jermaine W', 420000, 2013),
(1519, 76, 'Sharp, Phil Q', 300000, 2015),
(1520, 76, 'Greene, Louis W', 29000, 2011),
(1521, 77, 'Cohen, Al N', 170000, 2011),
(1522, 77, 'Jordan, Kara S', 1700000, 2013),
(1523, 77, 'Adkins, Rodolfo D', 390000, 2011),
(1524, 77, 'Saunders, Benny R', 9000, 2014),
(1525, 77, 'Mendoza, Pearl C', 370000, 2015),
(1526, 77, 'Weaver, Tabitha P', 27000, 2013),
(1527, 77, 'Mendoza, Pearl C', 2400000, 2015),
(1528, 77, 'Lynch, Julius V', 2000, 2013),
(1529, 77, 'Owen, Dwight X', 240000, 2012),
(1530, 77, 'Moody, Alice H', 10000, 2012),
(1531, 77, 'Holmes, Jana S', 3100000, 2015),
(1532, 77, 'Bryan, Pablo C', 900000, 2014),
(1533, 77, 'Warren, Jeffery X', 80000, 2011),
(1534, 77, 'Copeland, Mike C', 10000, 2012),
(1535, 77, 'Jordan, Kara S', 44000, 2011),
(1536, 77, 'Edwards, Juan B', 260000, 2012),
(1537, 77, 'Vasquez, Ginger R', 9000, 2011),
(1538, 77, 'Robbins, Lindsay A', 360000, 2014),
(1539, 77, 'Richardson, Ricky I', 4200000, 2012),
(1540, 77, 'Fields, Erick E', 4100000, 2010),
(1541, 78, 'Owen, Dwight X', 400000, 2011),
(1542, 78, 'Bryan, Pablo C', 1900000, 2012),
(1543, 78, 'Kelley, Ira K', 13000, 2015),
(1544, 78, 'Bates, Jeannette H', 230000, 2013),
(1545, 78, 'Romero, Myron H', 42000, 2013),
(1546, 78, 'Holmes, Jana S', 1800000, 2013),
(1547, 78, 'Castillo, Wendy S', 24000, 2011),
(1548, 78, 'Silva, Austin B', 500000, 2015),
(1549, 78, 'Murray, Lionel C', 4100000, 2014),
(1550, 78, 'Wheeler, Wendell U', 32000, 2012),
(1551, 78, 'Nichols, Ashley L', 20000, 2011),
(1552, 78, 'Phillips, Andre L', 1300000, 2011),
(1553, 78, 'Sharp, Phil Q', 28000, 2010),
(1554, 78, 'Butler, Francis F', 1400000, 2012),
(1555, 78, 'Cobb, Stanley O', 43000, 2012),
(1556, 78, 'Ellis, Randolph F', 6000, 2010),
(1557, 78, 'Owens, Nadine Y', 120000, 2011),
(1558, 78, 'Greene, Louis W', 270000, 2011),
(1559, 78, 'Chambers, Carla N', 420000, 2013),
(1560, 78, 'Flores, Roberta X', 250000, 2010),
(1561, 79, 'Carlson, Thomas A', 12000, 2012),
(1562, 79, 'Greene, Louis W', 19000, 2015),
(1563, 79, 'Ortega, Lynne C', 41000, 2012),
(1564, 79, 'Butler, Francis F', 3200000, 2014),
(1565, 79, 'Hunt, Terry V', 310000, 2015),
(1566, 79, 'Phillips, Andre L', 33000, 2014),
(1567, 79, 'Reynolds, Marjorie D', 15000, 2012),
(1568, 79, 'Wilson, Shane D', 800000, 2013),
(1569, 79, 'Weaver, Tabitha P', 4200000, 2012),
(1570, 79, 'Higgins, Lynn Q', 43000, 2013),
(1571, 79, 'Rodgers, Lois Q', 37000, 2010),
(1572, 79, 'Romero, Myron H', 3800000, 2010),
(1573, 79, 'Owen, Dwight X', 2800000, 2015),
(1574, 79, 'Holmes, Jana S', 2500000, 2012),
(1575, 79, 'Richardson, Ricky I', 1700000, 2014),
(1576, 79, 'Ortiz, Brad B', 290000, 2015),
(1577, 79, 'Ortiz, Brad B', 2900000, 2010),
(1578, 79, 'Moss, Vicky G', 210000, 2013),
(1579, 79, 'Copeland, Mike C', 140000, 2013),
(1580, 79, 'Jenkins, Chester L', 1200000, 2010),
(1581, 80, 'Ortiz, Brad B', 300000, 2012),
(1582, 80, 'Hunt, Terry V', 38000, 2012),
(1583, 80, 'Johnson, Lucia Z', 2800000, 2012),
(1584, 80, 'Vasquez, Ginger R', 800000, 2011),
(1585, 80, 'Cole, Guillermo Q', 4000000, 2015),
(1586, 80, 'Wright, Jeannie N', 11000, 2015),
(1587, 80, 'Richardson, Ricky I', 16000, 2014),
(1588, 80, 'Johnson, Lucia Z', 340000, 2011),
(1589, 80, 'Carlson, Thomas A', 90000, 2013),
(1590, 80, 'Houston, Shawna K', 210000, 2013),
(1591, 80, 'Ramsey, Jorge U', 4500000, 2014),
(1592, 80, 'Fletcher, Marvin O', 40000, 2014),
(1593, 80, 'Roberson, Ellis G', 40000, 2010),
(1594, 80, 'Bass, Christina P', 25000, 2011),
(1595, 80, 'Hudson, Antonia R', 240000, 2010),
(1596, 80, 'Harper, Sam U', 160000, 2015),
(1597, 80, 'Bass, Christina P', 2000000, 2012),
(1598, 80, 'Greene, Louis W', 420000, 2015),
(1599, 80, 'Lynch, Julius V', 150000, 2015),
(1600, 80, 'Adams, Ernestine J', 30000, 2010),
(1601, 81, 'Harper, Sam U', 420000, 2010),
(1602, 81, 'Patrick, Kristy F', 8000, 2010),
(1603, 81, 'Romero, Myron H', 350000, 2010),
(1604, 81, 'Cole, Guillermo Q', 1800000, 2012),
(1605, 81, 'Robbins, Lindsay A', 21000, 2012),
(1606, 81, 'Walsh, Alton N', 24000, 2011),
(1607, 81, 'Reynolds, Marjorie D', 150000, 2010),
(1608, 81, 'Jordan, Kara S', 27000, 2010),
(1609, 81, 'Jordan, Kara S', 22000, 2010),
(1610, 81, 'Bailey, Mona Z', 440000, 2013),
(1611, 81, 'Carlson, Thomas A', 17000, 2012),
(1612, 81, 'Medina, Steve M', 3000000, 2011),
(1613, 81, 'Estrada, Edgar Y', 100000, 2012),
(1614, 81, 'Fields, Erick E', 1100000, 2013),
(1615, 81, 'White, Wilma S', 19000, 2010),
(1616, 81, 'Norton, Roberto E', 2600000, 2014),
(1617, 81, 'Estrada, Edgar Y', 1200000, 2014),
(1618, 81, 'Hunt, Terry V', 50000, 2012),
(1619, 81, 'Edwards, Juan B', 300000, 2011),
(1620, 81, 'Roberson, Ellis G', 36000, 2015),
(1621, 82, 'Houston, Shawna K', 4500000, 2013),
(1622, 82, 'Silva, Austin B', 4300000, 2011),
(1623, 82, 'Ortega, Lynne C', 3300000, 2010),
(1624, 82, 'Medina, Steve M', 41000, 2015),
(1625, 82, 'Lynch, Julius V', 31000, 2011),
(1626, 82, 'Mullins, Hazel L', 3000, 2011),
(1627, 82, 'Rodgers, Lois Q', 90000, 2012),
(1628, 82, 'Williamson, Arlene R', 45000, 2012),
(1629, 82, 'Baker, Kristine G', 10000, 2010),
(1630, 82, 'Robbins, Lindsay A', 10000, 2015),
(1631, 82, 'Wheeler, Wendell U', 4200000, 2015),
(1632, 82, 'Barber, Alicia L', 13000, 2011),
(1633, 82, 'Jordan, Kara S', 32000, 2013),
(1634, 82, 'Warren, Jeffery X', 1900000, 2015),
(1635, 82, 'Glover, Tyler U', 4200000, 2014),
(1636, 82, 'Robertson, Ellen Z', 2100000, 2014),
(1637, 82, 'Butler, Francis F', 500000, 2010),
(1638, 82, 'Estrada, Edgar Y', 7000, 2015),
(1639, 82, 'Sanders, Tanya A', 4200000, 2012),
(1640, 82, 'Robbins, Lindsay A', 12000, 2011),
(1641, 83, 'Flores, Roberta X', 800000, 2011),
(1642, 83, 'Glover, Tyler U', 42000, 2010),
(1643, 83, 'Roberson, Ellis G', 27000, 2014),
(1644, 83, 'Robertson, Ellen Z', 1000, 2012),
(1645, 83, 'Powell, Leonard H', 150000, 2010),
(1646, 83, 'Wheeler, Wendell U', 41000, 2010),
(1647, 83, 'Perez, Isabel B', 3700000, 2011),
(1648, 83, 'Fletcher, Marvin O', 43000, 2014),
(1649, 83, 'Wheeler, Wendell U', 29000, 2015),
(1650, 83, 'Phillips, Andre L', 400000, 2015),
(1651, 83, 'Long, Max U', 33000, 2015),
(1652, 83, 'Williamson, Arlene R', 130000, 2010),
(1653, 83, 'Warren, Jeffery X', 260000, 2011),
(1654, 83, 'Valdez, Barbara H', 3000, 2015),
(1655, 83, 'Mullins, Hazel L', 43000, 2013),
(1656, 83, 'Mendoza, Pearl C', 2100000, 2015),
(1657, 83, 'Klein, Jermaine W', 18000, 2014),
(1658, 83, 'Ortiz, Brad B', 4000000, 2013),
(1659, 83, 'Reynolds, Marjorie D', 340000, 2010),
(1660, 83, 'Cole, Guillermo Q', 23000, 2015),
(1661, 84, 'Fletcher, Marvin O', 2900000, 2014),
(1662, 84, 'Hudson, Antonia R', 24000, 2011),
(1663, 84, 'Higgins, Lynn Q', 70000, 2013),
(1664, 84, 'Ortiz, Brad B', 2400000, 2015),
(1665, 84, 'Ramsey, Jorge U', 25000, 2015),
(1666, 84, 'Drake, Naomi J', 21000, 2015),
(1667, 84, 'Moss, Vicky G', 700000, 2010),
(1668, 84, 'Norton, Roberto E', 3300000, 2010),
(1669, 84, 'Todd, Ken B', 3900000, 2015),
(1670, 84, 'Maxwell, Andrew B', 1500000, 2014),
(1671, 84, 'Chambers, Carla N', 390000, 2010),
(1672, 84, 'Walsh, Alton N', 16000, 2012),
(1673, 84, 'Estrada, Edgar Y', 38000, 2015),
(1674, 84, 'Hammond, Jodi G', 110000, 2014),
(1675, 84, 'Fields, Erick E', 350000, 2012),
(1676, 84, 'Harper, Sam U', 70000, 2012),
(1677, 84, 'Klein, Jermaine W', 1300000, 2015),
(1678, 84, 'Bailey, Mona Z', 1800000, 2015),
(1679, 84, 'Joseph, Dominic Y', 310000, 2013),
(1680, 84, 'Nichols, Ashley L', 18000, 2013),
(1681, 85, 'Murray, Lionel C', 360000, 2013),
(1682, 85, 'Medina, Steve M', 330000, 2012),
(1683, 85, 'Fletcher, Marvin O', 800000, 2012),
(1684, 85, 'Williamson, Arlene R', 40000, 2010),
(1685, 85, 'Harper, Sam U', 900000, 2015),
(1686, 85, 'Curry, Jimmy N', 410000, 2011),
(1687, 85, 'Sanders, Tanya A', 300000, 2011),
(1688, 85, 'Warren, Jeffery X', 29000, 2012),
(1689, 85, 'Houston, Shawna K', 34000, 2011),
(1690, 85, 'Rodgers, Lois Q', 4400000, 2010),
(1691, 85, 'Flores, Roberta X', 15000, 2015),
(1692, 85, 'Richardson, Ricky I', 2600000, 2015),
(1693, 85, 'Warren, Jeffery X', 4000000, 2010),
(1694, 85, 'White, Wilma S', 3900000, 2013),
(1695, 85, 'Chambers, Carla N', 290000, 2011),
(1696, 85, 'Kelley, Ira K', 31000, 2013),
(1697, 85, 'Richardson, Ricky I', 2000, 2010),
(1698, 85, 'Owens, Nadine Y', 500000, 2014),
(1699, 85, 'Jackson, Conrad G', 20000, 2012),
(1700, 85, 'Romero, Myron H', 1100000, 2010),
(1701, 86, 'Saunders, Benny R', 3000, 2015),
(1702, 86, 'Phillips, Andre L', 390000, 2012),
(1703, 86, 'Phillips, Andre L', 120000, 2014),
(1704, 86, 'Bryan, Pablo C', 2000, 2015),
(1705, 86, 'Medina, Steve M', 4500000, 2013),
(1706, 86, 'Greene, Louis W', 320000, 2011),
(1707, 86, 'Morgan, Paulette M', 240000, 2012),
(1708, 86, 'Ortiz, Brad B', 36000, 2013),
(1709, 86, 'Barber, Alicia L', 4500000, 2015),
(1710, 86, 'Cole, Guillermo Q', 3000, 2011),
(1711, 86, 'Estrada, Edgar Y', 3700000, 2011),
(1712, 86, 'Hudson, Antonia R', 41000, 2015),
(1713, 86, 'Sanders, Tanya A', 28000, 2011),
(1714, 86, 'Owen, Dwight X', 2000, 2015),
(1715, 86, 'Curry, Jimmy N', 2500000, 2014),
(1716, 86, 'Wilson, Shane D', 310000, 2013),
(1717, 86, 'Ramsey, Jorge U', 1100000, 2011),
(1718, 86, 'Todd, Ken B', 410000, 2015),
(1719, 86, 'Roberson, Ellis G', 3100000, 2014),
(1720, 86, 'Webster, Roman Q', 500000, 2015),
(1721, 87, 'Silva, Austin B', 3800000, 2012),
(1722, 87, 'White, Wilma S', 13000, 2015),
(1723, 87, 'Bryant, Bonnie B', 270000, 2013),
(1724, 87, 'Frazier, Agnes G', 190000, 2012),
(1725, 87, 'Edwards, Juan B', 38000, 2015),
(1726, 87, 'Baker, Kristine G', 4400000, 2012),
(1727, 87, 'Chambers, Carla N', 190000, 2010),
(1728, 87, 'Curry, Jimmy N', 340000, 2015),
(1729, 87, 'Williamson, Arlene R', 200000, 2010),
(1730, 87, 'Fields, Erick E', 2000000, 2012),
(1731, 87, 'Hunt, Terry V', 36000, 2010),
(1732, 87, 'Fletcher, Marvin O', 39000, 2010),
(1733, 87, 'Jenkins, Chester L', 1000, 2010),
(1734, 87, 'Silva, Austin B', 400000, 2015),
(1735, 87, 'Sanders, Tanya A', 3700000, 2012),
(1736, 87, 'Murray, Lionel C', 3900000, 2010),
(1737, 87, 'Copeland, Mike C', 43000, 2011),
(1738, 87, 'Glover, Tyler U', 6000, 2012),
(1739, 87, 'Simpson, Kathleen F', 12000, 2015),
(1740, 87, 'Fletcher, Marvin O', 600000, 2012),
(1741, 88, 'Harper, Sam U', 800000, 2011),
(1742, 88, 'Harper, Sam U', 130000, 2013),
(1743, 88, 'Sharp, Phil Q', 1000000, 2015),
(1744, 88, 'Powell, Leonard H', 200000, 2014),
(1745, 88, 'Marshall, Sammy P', 3800000, 2013),
(1746, 88, 'Carlson, Thomas A', 3500000, 2010),
(1747, 88, 'Estrada, Edgar Y', 25000, 2013),
(1748, 88, 'Adams, Ernestine J', 240000, 2011),
(1749, 88, 'Houston, Shawna K', 440000, 2013),
(1750, 88, 'Murray, Lionel C', 8000, 2011),
(1751, 88, 'Chambers, Carla N', 3000000, 2010),
(1752, 88, 'Silva, Austin B', 410000, 2010),
(1753, 88, 'Moss, Vicky G', 180000, 2011),
(1754, 88, 'Jenkins, Chester L', 19000, 2012),
(1755, 88, 'Maxwell, Andrew B', 2500000, 2014),
(1756, 88, 'Weaver, Tabitha P', 330000, 2014),
(1757, 88, 'Carlson, Thomas A', 1100000, 2011),
(1758, 88, 'Mullins, Hazel L', 450000, 2014),
(1759, 88, 'Romero, Myron H', 120000, 2013),
(1760, 88, 'Roberson, Ellis G', 200000, 2010),
(1761, 89, 'Adams, Ernestine J', 30000, 2011),
(1762, 89, 'Bryan, Pablo C', 1200000, 2011),
(1763, 89, 'Valdez, Barbara H', 4000, 2010),
(1764, 89, 'Estrada, Edgar Y', 220000, 2014),
(1765, 89, 'Sandoval, Dianne E', 190000, 2014),
(1766, 89, 'Perez, Isabel B', 1000, 2013),
(1767, 89, 'Fletcher, Marvin O', 220000, 2015),
(1768, 89, 'Perez, Isabel B', 40000, 2012),
(1769, 89, 'Bryant, Bonnie B', 10000, 2012),
(1770, 89, 'Klein, Jermaine W', 2700000, 2013),
(1771, 89, 'Robertson, Ellen Z', 18000, 2010),
(1772, 89, 'Cohen, Al N', 390000, 2011),
(1773, 89, 'Parker, Ross T', 350000, 2013),
(1774, 89, 'Bailey, Mona Z', 110000, 2013),
(1775, 89, 'Holmes, Jana S', 230000, 2014),
(1776, 89, 'Mullins, Hazel L', 36000, 2015),
(1777, 89, 'Bryant, Bonnie B', 330000, 2013),
(1778, 89, 'Morgan, Paulette M', 39000, 2013),
(1779, 89, 'Briggs, Silvia Q', 7000, 2011),
(1780, 89, 'Klein, Jermaine W', 12000, 2014),
(1781, 90, 'Baker, Kristine G', 60000, 2015),
(1782, 90, 'Curry, Jimmy N', 24000, 2010),
(1783, 90, 'Glover, Tyler U', 35000, 2011),
(1784, 90, 'Medina, Steve M', 3300000, 2014),
(1785, 90, 'Hudson, Antonia R', 230000, 2015),
(1786, 90, 'Estrada, Edgar Y', 2200000, 2014),
(1787, 90, 'Weaver, Tabitha P', 10000, 2013),
(1788, 90, 'Warren, Jeffery X', 900000, 2010),
(1789, 90, 'Torres, Monique Q', 1000, 2011),
(1790, 90, 'Webb, Shelly N', 240000, 2011),
(1791, 90, 'Owen, Dwight X', 900000, 2012),
(1792, 90, 'Mason, Jody A', 360000, 2015),
(1793, 90, 'Jordan, Kara S', 21000, 2015),
(1794, 90, 'Baker, Kristine G', 160000, 2015),
(1795, 90, 'Bass, Christina P', 39000, 2010),
(1796, 90, 'Flores, Roberta X', 3400000, 2014),
(1797, 90, 'Nunez, Lola X', 10000, 2013),
(1798, 90, 'Cole, Guillermo Q', 8000, 2010),
(1799, 90, 'Mendoza, Pearl C', 4300000, 2014),
(1800, 90, 'Mason, Jody A', 50000, 2014),
(1801, 91, 'Morgan, Paulette M', 34000, 2014),
(1802, 91, 'Edwards, Juan B', 33000, 2011),
(1803, 91, 'Williamson, Arlene R', 700000, 2013),
(1804, 91, 'Mason, Jody A', 32000, 2015),
(1805, 91, 'Holmes, Jana S', 310000, 2012),
(1806, 91, 'Vasquez, Ginger R', 38000, 2014),
(1807, 91, 'Vasquez, Ginger R', 4100000, 2014),
(1808, 91, 'Williamson, Arlene R', 400000, 2010),
(1809, 91, 'Holmes, Jana S', 3800000, 2011),
(1810, 91, 'Mullins, Hazel L', 220000, 2013),
(1811, 91, 'Adkins, Rodolfo D', 800000, 2010),
(1812, 91, 'Bryan, Pablo C', 360000, 2014),
(1813, 91, 'Sandoval, Dianne E', 20000, 2011),
(1814, 91, 'Harper, Sam U', 40000, 2011),
(1815, 91, 'Adkins, Rodolfo D', 3800000, 2011),
(1816, 91, 'Owens, Nadine Y', 270000, 2013),
(1817, 91, 'Webb, Shelly N', 3300000, 2013),
(1818, 91, 'Valdez, Barbara H', 1400000, 2012),
(1819, 91, 'Maxwell, Andrew B', 3700000, 2010),
(1820, 91, 'Phillips, Andre L', 10000, 2010),
(1821, 92, 'Rodgers, Lois Q', 20000, 2015),
(1822, 92, 'Webb, Shelly N', 16000, 2014),
(1823, 92, 'Lynch, Julius V', 3900000, 2012),
(1824, 92, 'Rodgers, Lois Q', 23000, 2014),
(1825, 92, 'Wilson, Shane D', 3300000, 2013),
(1826, 92, 'Owen, Dwight X', 2200000, 2012),
(1827, 92, 'Mendoza, Pearl C', 440000, 2014),
(1828, 92, 'Moss, Vicky G', 41000, 2014),
(1829, 92, 'Adkins, Rodolfo D', 500000, 2013),
(1830, 92, 'Higgins, Lynn Q', 1500000, 2014),
(1831, 92, 'Jackson, Conrad G', 24000, 2013),
(1832, 92, 'Chambers, Carla N', 30000, 2014),
(1833, 92, 'Robbins, Lindsay A', 2800000, 2013),
(1834, 92, 'Robertson, Ellen Z', 310000, 2012),
(1835, 92, 'Cohen, Al N', 44000, 2015),
(1836, 92, 'Chambers, Carla N', 3800000, 2013),
(1837, 92, 'Kelley, Ira K', 360000, 2013),
(1838, 92, 'Thomas, Dwayne J', 3300000, 2015),
(1839, 92, 'Morgan, Paulette M', 20000, 2011),
(1840, 92, 'Chambers, Carla N', 34000, 2010),
(1841, 93, 'Drake, Naomi J', 3000, 2012),
(1842, 93, 'Wheeler, Wendell U', 10000, 2015),
(1843, 93, 'Butler, Francis F', 200000, 2012),
(1844, 93, 'Houston, Shawna K', 360000, 2015),
(1845, 93, 'Baker, Kristine G', 4500000, 2013),
(1846, 93, 'Robbins, Lindsay A', 120000, 2010),
(1847, 93, 'Kelley, Ira K', 3100000, 2014),
(1848, 93, 'Webster, Roman Q', 190000, 2013),
(1849, 93, 'Bailey, Mona Z', 7000, 2015),
(1850, 93, 'Baker, Kristine G', 37000, 2012),
(1851, 93, 'Mendoza, Pearl C', 35000, 2012),
(1852, 93, 'Bass, Christina P', 4200000, 2011),
(1853, 93, 'Parker, Ross T', 1100000, 2010),
(1854, 93, 'Reynolds, Marjorie D', 350000, 2015),
(1855, 93, 'Butler, Francis F', 13000, 2010),
(1856, 93, 'Norton, Roberto E', 28000, 2011),
(1857, 93, 'Houston, Shawna K', 4400000, 2011),
(1858, 93, 'Estrada, Edgar Y', 44000, 2010),
(1859, 93, 'Houston, Shawna K', 2000000, 2012),
(1860, 93, 'Moody, Alice H', 2100000, 2014),
(1861, 94, 'Holmes, Jana S', 9000, 2014),
(1862, 94, 'Robbins, Lindsay A', 120000, 2015),
(1863, 94, 'Long, Max U', 25000, 2012),
(1864, 94, 'Phillips, Andre L', 4400000, 2015),
(1865, 94, 'Ramsey, Jorge U', 2400000, 2011),
(1866, 94, 'Webb, Shelly N', 10000, 2014),
(1867, 94, 'Barber, Alicia L', 90000, 2010),
(1868, 94, 'Bryan, Pablo C', 8000, 2013),
(1869, 94, 'Silva, Austin B', 3000, 2014),
(1870, 94, 'Hammond, Jodi G', 3700000, 2012),
(1871, 94, 'Harper, Sam U', 41000, 2013),
(1872, 94, 'Richardson, Ricky I', 2900000, 2011),
(1873, 94, 'Owen, Dwight X', 160000, 2011),
(1874, 94, 'Harper, Sam U', 290000, 2013),
(1875, 94, 'Drake, Naomi J', 43000, 2011),
(1876, 94, 'Sharp, Phil Q', 210000, 2013),
(1877, 94, 'Wright, Jeannie N', 24000, 2015),
(1878, 94, 'Klein, Jermaine W', 16000, 2013),
(1879, 94, 'Morgan, Paulette M', 60000, 2013),
(1880, 94, 'Dawson, Stella Y', 39000, 2012),
(1881, 95, 'Holmes, Jana S', 2300000, 2012),
(1882, 95, 'Phillips, Andre L', 2800000, 2011),
(1883, 95, 'Nguyen, Alexander J', 40000, 2011),
(1884, 95, 'Richardson, Ricky I', 4300000, 2015),
(1885, 95, 'Webb, Shelly N', 240000, 2014),
(1886, 95, 'Kelley, Ira K', 100000, 2015),
(1887, 95, 'Hammond, Jodi G', 1900000, 2012),
(1888, 95, 'Mason, Jody A', 4500000, 2010),
(1889, 95, 'Marshall, Sammy P', 140000, 2012),
(1890, 95, 'Bryant, Bonnie B', 1100000, 2015),
(1891, 95, 'Jenkins, Chester L', 39000, 2013),
(1892, 95, 'Saunders, Benny R', 290000, 2014),
(1893, 95, 'Todd, Ken B', 11000, 2014),
(1894, 95, 'Chambers, Carla N', 420000, 2013),
(1895, 95, 'Hammond, Jodi G', 1500000, 2015),
(1896, 95, 'Klein, Jermaine W', 2500000, 2010),
(1897, 95, 'Owens, Nadine Y', 2000000, 2010),
(1898, 95, 'Robertson, Ellen Z', 400000, 2013),
(1899, 95, 'Wheeler, Wendell U', 23000, 2015),
(1900, 95, 'Medina, Steve M', 800000, 2014),
(1901, 96, 'Norton, Roberto E', 9000, 2010),
(1902, 96, 'Fletcher, Marvin O', 13000, 2010),
(1903, 96, 'Silva, Austin B', 60000, 2011),
(1904, 96, 'Medina, Steve M', 38000, 2013),
(1905, 96, 'Todd, Ken B', 19000, 2014),
(1906, 96, 'Reynolds, Marjorie D', 5000, 2015),
(1907, 96, 'Mason, Jody A', 160000, 2015),
(1908, 96, 'Hammond, Jodi G', 240000, 2014),
(1909, 96, 'Adams, Ernestine J', 43000, 2014),
(1910, 96, 'Vasquez, Ginger R', 45000, 2010),
(1911, 96, 'Fields, Erick E', 800000, 2014),
(1912, 96, 'Mullins, Hazel L', 36000, 2014),
(1913, 96, 'Baker, Kristine G', 320000, 2011),
(1914, 96, 'Frazier, Agnes G', 3800000, 2014),
(1915, 96, 'Kelley, Ira K', 1600000, 2011),
(1916, 96, 'Hunt, Terry V', 270000, 2015),
(1917, 96, 'Torres, Monique Q', 210000, 2013),
(1918, 96, 'Simpson, Kathleen F', 37000, 2010),
(1919, 96, 'Cobb, Stanley O', 500000, 2011),
(1920, 96, 'Houston, Shawna K', 1500000, 2014),
(1921, 97, 'Murray, Lionel C', 2200000, 2014),
(1922, 97, 'Dawson, Stella Y', 1900000, 2011),
(1923, 97, 'Norton, Roberto E', 210000, 2014),
(1924, 97, 'Patrick, Kristy F', 4300000, 2014),
(1925, 97, 'Owens, Nadine Y', 50000, 2013),
(1926, 97, 'Greene, Louis W', 600000, 2010),
(1927, 97, 'Johnson, Lucia Z', 250000, 2015),
(1928, 97, 'Flores, Roberta X', 28000, 2015),
(1929, 97, 'Bryan, Pablo C', 2000, 2013),
(1930, 97, 'Walsh, Alton N', 40000, 2010),
(1931, 97, 'Greene, Louis W', 320000, 2010),
(1932, 97, 'Hunt, Terry V', 500000, 2012),
(1933, 97, 'Wright, Jeannie N', 40000, 2011),
(1934, 97, 'Barber, Alicia L', 2300000, 2014),
(1935, 97, 'Robbins, Lindsay A', 4200000, 2015),
(1936, 97, 'Medina, Steve M', 4500000, 2010),
(1937, 97, 'Castillo, Wendy S', 240000, 2011),
(1938, 97, 'Bryant, Bonnie B', 160000, 2015),
(1939, 97, 'Simpson, Kathleen F', 3700000, 2014),
(1940, 97, 'Perez, Isabel B', 30000, 2014),
(1941, 98, 'Warren, Jeffery X', 15000, 2013),
(1942, 98, 'Ortega, Lynne C', 6000, 2011),
(1943, 98, 'Holmes, Jana S', 2100000, 2010),
(1944, 98, 'Bryant, Bonnie B', 19000, 2011),
(1945, 98, 'Butler, Francis F', 380000, 2014),
(1946, 98, 'Drake, Naomi J', 2000000, 2011),
(1947, 98, 'Klein, Jermaine W', 190000, 2011),
(1948, 98, 'Copeland, Mike C', 40000, 2013),
(1949, 98, 'Owens, Nadine Y', 15000, 2010),
(1950, 98, 'Valdez, Barbara H', 2400000, 2014),
(1951, 98, 'Curry, Jimmy N', 1000, 2014),
(1952, 98, 'Harper, Sam U', 300000, 2012),
(1953, 98, 'Williamson, Arlene R', 9000, 2015),
(1954, 98, 'Adams, Ernestine J', 5000, 2010),
(1955, 98, 'Bates, Jeannette H', 30000, 2015),
(1956, 98, 'Bryan, Pablo C', 210000, 2012),
(1957, 98, 'Wilson, Shane D', 3400000, 2013),
(1958, 98, 'Wheeler, Wendell U', 2700000, 2010),
(1959, 98, 'Reynolds, Marjorie D', 450000, 2013),
(1960, 98, 'Jordan, Kara S', 300000, 2014),
(1961, 99, 'Mullins, Hazel L', 210000, 2014),
(1962, 99, 'Webster, Roman Q', 1600000, 2015),
(1963, 99, 'Long, Max U', 2700000, 2010),
(1964, 99, 'Cohen, Al N', 28000, 2014),
(1965, 99, 'Holmes, Jana S', 31000, 2012),
(1966, 99, 'Moss, Vicky G', 38000, 2010),
(1967, 99, 'Glover, Tyler U', 50000, 2012),
(1968, 99, 'Thomas, Dwayne J', 100000, 2010),
(1969, 99, 'Sharp, Phil Q', 1100000, 2010),
(1970, 99, 'Simpson, Kathleen F', 900000, 2013),
(1971, 99, 'Webster, Roman Q', 4500000, 2012),
(1972, 99, 'Sharp, Phil Q', 300000, 2013),
(1973, 99, 'Houston, Shawna K', 120000, 2014),
(1974, 99, 'Jackson, Conrad G', 31000, 2014),
(1975, 99, 'Nunez, Lola X', 800000, 2013),
(1976, 99, 'Osborne, Sonya Z', 1300000, 2014),
(1977, 99, 'Briggs, Silvia Q', 2900000, 2012),
(1978, 99, 'White, Wilma S', 10000, 2013),
(1979, 99, 'Owen, Dwight X', 130000, 2015),
(1980, 99, 'Webster, Roman Q', 1300000, 2014),
(1981, 100, 'White, Wilma S', 3700000, 2011),
(1982, 100, 'Edwards, Juan B', 43000, 2010),
(1983, 100, 'Webb, Shelly N', 1300000, 2011),
(1984, 100, 'Copeland, Mike C', 39000, 2010),
(1985, 100, 'Todd, Ken B', 33000, 2015),
(1986, 100, 'Roberson, Ellis G', 280000, 2012),
(1987, 100, 'Hunt, Terry V', 38000, 2014),
(1988, 100, 'Mason, Jody A', 800000, 2010),
(1989, 100, 'Bryan, Pablo C', 2000, 2014),
(1990, 100, 'Maxwell, Andrew B', 3000000, 2012),
(1991, 100, 'Drake, Naomi J', 400000, 2013),
(1992, 100, 'Owen, Dwight X', 430000, 2011),
(1993, 100, 'Briggs, Silvia Q', 26000, 2012),
(1994, 100, 'Sandoval, Dianne E', 3000000, 2013),
(1995, 100, 'Hammond, Jodi G', 180000, 2010),
(1996, 100, 'Adams, Ernestine J', 35000, 2014),
(1997, 100, 'Barber, Alicia L', 4000000, 2011),
(1998, 100, 'Ellis, Randolph F', 38000, 2015),
(1999, 100, 'Joseph, Dominic Y', 14000, 2014),
(2000, 100, 'Hudson, Antonia R', 410000, 2013),
(2001, 101, 'Torres, Monique Q', 2000000, 2010),
(2002, 101, 'Saunders, Benny R', 25000, 2013),
(2003, 101, 'Marshall, Sammy P', 3900000, 2014),
(2004, 101, 'Adkins, Rodolfo D', 210000, 2013),
(2005, 101, 'Sanders, Tanya A', 290000, 2013),
(2006, 101, 'Estrada, Edgar Y', 220000, 2011),
(2007, 101, 'Barber, Alicia L', 43000, 2015),
(2008, 101, 'Bailey, Mona Z', 270000, 2011),
(2009, 101, 'Torres, Monique Q', 39000, 2014),
(2010, 101, 'Adams, Ernestine J', 23000, 2015),
(2011, 101, 'Greene, Louis W', 35000, 2012),
(2012, 101, 'Estrada, Edgar Y', 320000, 2014),
(2013, 101, 'Wilson, Shane D', 310000, 2015),
(2014, 101, 'Murphy, Jennifer M', 20000, 2014),
(2015, 101, 'Sanders, Tanya A', 260000, 2011),
(2016, 101, 'Parker, Ross T', 36000, 2015),
(2017, 101, 'Cobb, Stanley O', 3000000, 2012),
(2018, 101, 'Medina, Steve M', 260000, 2015),
(2019, 101, 'Weaver, Tabitha P', 2200000, 2013),
(2020, 101, 'Higgins, Lynn Q', 360000, 2014),
(2021, 102, 'Thomas, Dwayne J', 340000, 2014),
(2022, 102, 'Richardson, Ricky I', 3400000, 2014),
(2023, 102, 'Bailey, Mona Z', 29000, 2013),
(2024, 102, 'Webb, Shelly N', 420000, 2013),
(2025, 102, 'Phillips, Andre L', 44000, 2015),
(2026, 102, 'Bryan, Pablo C', 450000, 2014),
(2027, 102, 'Cole, Guillermo Q', 3300000, 2012),
(2028, 102, 'Webb, Shelly N', 1300000, 2015),
(2029, 102, 'Richardson, Ricky I', 2600000, 2013),
(2030, 102, 'Weaver, Tabitha P', 3100000, 2015),
(2031, 102, 'Medina, Steve M', 320000, 2015),
(2032, 102, 'Warren, Jeffery X', 180000, 2014),
(2033, 102, 'Baker, Kristine G', 4000, 2010),
(2034, 102, 'Silva, Austin B', 1900000, 2010),
(2035, 102, 'Robbins, Lindsay A', 13000, 2010),
(2036, 102, 'Webster, Roman Q', 320000, 2014),
(2037, 102, 'Walsh, Alton N', 25000, 2014),
(2038, 102, 'Patrick, Kristy F', 210000, 2012),
(2039, 102, 'Wright, Jeannie N', 36000, 2012),
(2040, 102, 'Dawson, Stella Y', 390000, 2015),
(2041, 103, 'Cole, Guillermo Q', 17000, 2010),
(2042, 103, 'Murphy, Jennifer M', 40000, 2013),
(2043, 103, 'Moody, Alice H', 4000000, 2014),
(2044, 103, 'Klein, Jermaine W', 34000, 2014),
(2045, 103, 'Osborne, Sonya Z', 10000, 2014),
(2046, 103, 'Mullins, Hazel L', 3400000, 2013),
(2047, 103, 'Copeland, Mike C', 40000, 2011),
(2048, 103, 'Sandoval, Dianne E', 7000, 2010),
(2049, 103, 'Cobb, Stanley O', 2000, 2014),
(2050, 103, 'Williamson, Arlene R', 32000, 2014),
(2051, 103, 'Thomas, Dwayne J', 2500000, 2010),
(2052, 103, 'Ortiz, Brad B', 900000, 2010),
(2053, 103, 'Weaver, Tabitha P', 3400000, 2015),
(2054, 103, 'Barber, Alicia L', 38000, 2015),
(2055, 103, 'Webster, Roman Q', 22000, 2011),
(2056, 103, 'Norton, Roberto E', 30000, 2011),
(2057, 103, 'Sanders, Tanya A', 330000, 2013),
(2058, 103, 'Adams, Ernestine J', 400000, 2012),
(2059, 103, 'Adkins, Rodolfo D', 1800000, 2015),
(2060, 103, 'Drake, Naomi J', 4400000, 2015),
(2061, 104, 'Kelley, Ira K', 24000, 2012),
(2062, 104, 'Robbins, Lindsay A', 42000, 2011),
(2063, 104, 'Simpson, Kathleen F', 420000, 2015),
(2064, 104, 'Cohen, Al N', 14000, 2015),
(2065, 104, 'Richardson, Ricky I', 30000, 2010),
(2066, 104, 'Murphy, Jennifer M', 250000, 2013),
(2067, 104, 'Mendoza, Pearl C', 30000, 2013),
(2068, 104, 'Klein, Jermaine W', 37000, 2012),
(2069, 104, 'Warren, Jeffery X', 33000, 2015),
(2070, 104, 'Hunt, Terry V', 180000, 2010),
(2071, 104, 'Owens, Nadine Y', 2400000, 2012),
(2072, 104, 'Webster, Roman Q', 6000, 2010),
(2073, 104, 'Bryant, Bonnie B', 1300000, 2013),
(2074, 104, 'Richardson, Ricky I', 7000, 2010),
(2075, 104, 'Todd, Ken B', 12000, 2014),
(2076, 104, 'Adkins, Rodolfo D', 34000, 2014),
(2077, 104, 'Moss, Vicky G', 250000, 2015),
(2078, 104, 'Valdez, Barbara H', 200000, 2015),
(2079, 104, 'Hunt, Terry V', 30000, 2011),
(2080, 104, 'Hunt, Terry V', 700000, 2013),
(2081, 105, 'Hunt, Terry V', 280000, 2011),
(2082, 105, 'Webb, Shelly N', 45000, 2011),
(2083, 105, 'Dawson, Stella Y', 400000, 2011),
(2084, 105, 'Estrada, Edgar Y', 1100000, 2012),
(2085, 105, 'Reynolds, Marjorie D', 4500000, 2013),
(2086, 105, 'Wilson, Shane D', 100000, 2015),
(2087, 105, 'Morgan, Paulette M', 90000, 2013),
(2088, 105, 'Cobb, Stanley O', 200000, 2013),
(2089, 105, 'Phillips, Andre L', 3300000, 2012),
(2090, 105, 'Ellis, Randolph F', 3300000, 2014),
(2091, 105, 'Valdez, Barbara H', 2000000, 2011),
(2092, 105, 'Ortiz, Brad B', 420000, 2015),
(2093, 105, 'Adams, Ernestine J', 370000, 2015),
(2094, 105, 'Warren, Jeffery X', 26000, 2013),
(2095, 105, 'Klein, Jermaine W', 1000, 2010),
(2096, 105, 'Hammond, Jodi G', 3300000, 2011),
(2097, 105, 'Higgins, Lynn Q', 1300000, 2010),
(2098, 105, 'Romero, Myron H', 32000, 2010),
(2099, 105, 'Ramsey, Jorge U', 90000, 2015),
(2100, 105, 'Nunez, Lola X', 16000, 2011);

-- --------------------------------------------------------

--
-- Table structure for table `expense`
--

CREATE TABLE IF NOT EXISTS `expense` (
  `id` int(11) NOT NULL AUTO_INCREMENT,
  `person_id` int(11) NOT NULL,
  `amount` int(11) NOT NULL,
  `year` year(4) NOT NULL,
  `location_id` int(11) NOT NULL,
  `category` int(11) NOT NULL,
  PRIMARY KEY (`id`)
) ENGINE=InnoDB  DEFAULT CHARSET=utf8 AUTO_INCREMENT=2101 ;

--
-- Dumping data for table `expense`
--

INSERT INTO `expense` (`id`, `person_id`, `amount`, `year`, `location_id`, `category`) VALUES
(1, 1, 40000000, 2012, 57, 2),
(2, 1, 270000000, 2012, 16, 7),
(3, 1, 14000000, 2010, 1, 2),
(4, 1, 1500000, 2011, 70, 6),
(5, 1, 6000000, 2010, 29, 7),
(6, 1, 41000000, 2015, 32, 23),
(7, 1, 90000000, 2011, 33, 14),
(8, 1, 110000000, 2013, 40, 6),
(9, 1, 2800000, 2015, 79, 22),
(10, 1, 14000000, 2014, 39, 6),
(11, 1, 440000000, 2010, 19, 19),
(12, 1, 2300000, 2010, 46, 1),
(13, 1, 1600000, 2013, 24, 16),
(14, 1, 360000000, 2010, 38, 20),
(15, 1, 39000000, 2011, 44, 16),
(16, 1, 3100000, 2012, 49, 10),
(17, 1, 40000000, 2013, 22, 27),
(18, 1, 370000000, 2014, 12, 23),
(19, 1, 200000, 2012, 76, 27),
(20, 1, 23000000, 2015, 72, 22),
(21, 2, 1500000, 2014, 46, 21),
(22, 2, 21000000, 2013, 14, 12),
(23, 2, 3400000, 2011, 37, 16),
(24, 2, 25000000, 2015, 5, 22),
(25, 2, 3000000, 2010, 9, 20),
(26, 2, 500000, 2013, 11, 26),
(27, 2, 40000000, 2014, 1, 8),
(28, 2, 28000000, 2015, 32, 11),
(29, 2, 44000000, 2011, 59, 21),
(30, 2, 42000000, 2013, 67, 27),
(31, 2, 2300000, 2012, 53, 18),
(32, 2, 320000000, 2015, 56, 1),
(33, 2, 2400000, 2015, 37, 18),
(34, 2, 2500000, 2012, 11, 20),
(35, 2, 110000000, 2012, 63, 5),
(36, 2, 1600000, 2012, 55, 9),
(37, 2, 120000000, 2015, 17, 13),
(38, 2, 28000000, 2015, 11, 15),
(39, 2, 2200000, 2014, 23, 23),
(40, 2, 400000000, 2012, 77, 2),
(41, 3, 12000000, 2010, 7, 4),
(42, 3, 340000000, 2012, 39, 17),
(43, 3, 180000000, 2015, 54, 18),
(44, 3, 1200000, 2015, 61, 8),
(45, 3, 3500000, 2010, 76, 24),
(46, 3, 800000, 2013, 6, 11),
(47, 3, 40000000, 2013, 20, 12),
(48, 3, 44000000, 2014, 17, 20),
(49, 3, 2000000, 2014, 82, 16),
(50, 3, 90000000, 2011, 45, 3),
(51, 3, 4000000, 2014, 14, 9),
(52, 3, 13000000, 2010, 15, 10),
(53, 3, 25000000, 2014, 82, 21),
(54, 3, 21000000, 2013, 9, 4),
(55, 3, 260000000, 2011, 68, 7),
(56, 3, 600000, 2011, 24, 20),
(57, 3, 31000000, 2013, 3, 11),
(58, 3, 1000000, 2012, 53, 16),
(59, 3, 500000, 2013, 40, 1),
(60, 3, 140000000, 2010, 8, 24),
(61, 4, 5000000, 2014, 77, 12),
(62, 4, 17000000, 2012, 48, 1),
(63, 4, 2300000, 2010, 28, 2),
(64, 4, 220000000, 2012, 68, 14),
(65, 4, 36000000, 2012, 64, 22),
(66, 4, 130000000, 2011, 4, 21),
(67, 4, 1500000, 2015, 46, 23),
(68, 4, 1300000, 2010, 4, 19),
(69, 4, 14000000, 2013, 62, 4),
(70, 4, 3300000, 2013, 29, 14),
(71, 4, 350000000, 2012, 68, 11),
(72, 4, 1600000, 2010, 54, 23),
(73, 4, 9000000, 2010, 3, 14),
(74, 4, 700000, 2014, 6, 1),
(75, 4, 4300000, 2014, 27, 27),
(76, 4, 38000000, 2012, 20, 20),
(77, 4, 800000, 2014, 5, 6),
(78, 4, 90000000, 2014, 73, 4),
(79, 4, 36000000, 2015, 63, 5),
(80, 4, 50000000, 2010, 21, 20),
(81, 5, 42000000, 2011, 40, 13),
(82, 5, 39000000, 2012, 82, 20),
(83, 5, 20000000, 2015, 12, 10),
(84, 5, 280000000, 2013, 24, 6),
(85, 5, 1300000, 2015, 61, 8),
(86, 5, 30000000, 2011, 44, 17),
(87, 5, 2900000, 2015, 12, 8),
(88, 5, 34000000, 2013, 13, 22),
(89, 5, 25000000, 2010, 10, 6),
(90, 5, 2800000, 2011, 2, 5),
(91, 5, 1600000, 2011, 3, 6),
(92, 5, 350000000, 2014, 40, 22),
(93, 5, 18000000, 2012, 30, 22),
(94, 5, 370000000, 2010, 58, 20),
(95, 5, 2000000, 2010, 19, 8),
(96, 5, 250000000, 2012, 50, 3),
(97, 5, 1800000, 2013, 54, 26),
(98, 5, 340000000, 2012, 58, 17),
(99, 5, 4300000, 2010, 82, 10),
(100, 5, 440000000, 2012, 7, 5),
(101, 6, 1900000, 2013, 32, 9),
(102, 6, 60000000, 2011, 54, 5),
(103, 6, 2200000, 2011, 13, 13),
(104, 6, 36000000, 2015, 14, 23),
(105, 6, 12000000, 2015, 11, 12),
(106, 6, 70000000, 2012, 48, 4),
(107, 6, 3400000, 2013, 4, 8),
(108, 6, 44000000, 2013, 75, 20),
(109, 6, 3500000, 2010, 24, 11),
(110, 6, 320000000, 2011, 22, 5),
(111, 6, 110000000, 2010, 62, 25),
(112, 6, 420000000, 2013, 47, 5),
(113, 6, 1100000, 2015, 40, 18),
(114, 6, 4000000, 2012, 60, 5),
(115, 6, 80000000, 2011, 61, 9),
(116, 6, 1700000, 2014, 10, 17),
(117, 6, 330000000, 2011, 19, 2),
(118, 6, 390000000, 2014, 19, 15),
(119, 6, 8000000, 2012, 40, 3),
(120, 6, 40000000, 2014, 44, 13),
(121, 7, 230000000, 2014, 82, 2),
(122, 7, 42000000, 2010, 10, 20),
(123, 7, 250000000, 2010, 46, 15),
(124, 7, 430000000, 2012, 2, 19),
(125, 7, 3300000, 2010, 52, 4),
(126, 7, 3200000, 2013, 9, 10),
(127, 7, 17000000, 2012, 63, 12),
(128, 7, 370000000, 2014, 29, 16),
(129, 7, 30000000, 2015, 61, 22),
(130, 7, 37000000, 2014, 19, 9),
(131, 7, 9000000, 2010, 74, 7),
(132, 7, 3900000, 2013, 9, 9),
(133, 7, 410000000, 2012, 10, 15),
(134, 7, 2500000, 2015, 49, 13),
(135, 7, 240000000, 2015, 14, 1),
(136, 7, 23000000, 2014, 54, 8),
(137, 7, 130000000, 2013, 77, 8),
(138, 7, 240000000, 2015, 42, 15),
(139, 7, 370000000, 2011, 34, 7),
(140, 7, 32000000, 2010, 37, 8),
(141, 8, 2300000, 2015, 30, 22),
(142, 8, 260000000, 2014, 26, 25),
(143, 8, 18000000, 2014, 72, 9),
(144, 8, 3300000, 2015, 67, 23),
(145, 8, 400000000, 2011, 64, 2),
(146, 8, 80000000, 2013, 27, 24),
(147, 8, 2200000, 2011, 6, 8),
(148, 8, 41000000, 2010, 82, 13),
(149, 8, 3600000, 2015, 75, 22),
(150, 8, 390000000, 2010, 11, 15),
(151, 8, 420000000, 2011, 15, 15),
(152, 8, 400000000, 2015, 24, 13),
(153, 8, 22000000, 2012, 81, 27),
(154, 8, 15000000, 2015, 55, 8),
(155, 8, 4000000, 2011, 12, 27),
(156, 8, 280000000, 2014, 69, 22),
(157, 8, 190000000, 2014, 43, 5),
(158, 8, 12000000, 2011, 37, 11),
(159, 8, 80000000, 2015, 67, 14),
(160, 8, 20000000, 2015, 71, 19),
(161, 9, 42000000, 2015, 81, 6),
(162, 9, 500000, 2013, 69, 3),
(163, 9, 450000000, 2015, 54, 21),
(164, 9, 120000000, 2015, 39, 26),
(165, 9, 110000000, 2012, 38, 11),
(166, 9, 23000000, 2010, 7, 25),
(167, 9, 42000000, 2013, 64, 26),
(168, 9, 21000000, 2015, 24, 19),
(169, 9, 430000000, 2010, 61, 2),
(170, 9, 80000000, 2011, 72, 27),
(171, 9, 360000000, 2010, 2, 19),
(172, 9, 13000000, 2011, 29, 1),
(173, 9, 2100000, 2013, 54, 25),
(174, 9, 360000000, 2014, 72, 7),
(175, 9, 2000000, 2011, 64, 23),
(176, 9, 34000000, 2012, 27, 12),
(177, 9, 190000000, 2013, 54, 27),
(178, 9, 6000000, 2015, 7, 19),
(179, 9, 10000000, 2015, 66, 19),
(180, 9, 330000000, 2011, 26, 8),
(181, 10, 160000000, 2013, 29, 1),
(182, 10, 410000000, 2011, 73, 10),
(183, 10, 330000000, 2012, 58, 14),
(184, 10, 1800000, 2013, 13, 3),
(185, 10, 2000000, 2012, 76, 8),
(186, 10, 1000000, 2012, 47, 12),
(187, 10, 2800000, 2012, 71, 26),
(188, 10, 2000000, 2011, 4, 17),
(189, 10, 36000000, 2010, 3, 26),
(190, 10, 25000000, 2014, 28, 4),
(191, 10, 120000000, 2011, 50, 1),
(192, 10, 430000000, 2010, 80, 20),
(193, 10, 31000000, 2010, 34, 11),
(194, 10, 3800000, 2015, 77, 16),
(195, 10, 2000000, 2015, 1, 18),
(196, 10, 220000000, 2011, 64, 1),
(197, 10, 270000000, 2014, 20, 2),
(198, 10, 130000000, 2010, 31, 13),
(199, 10, 32000000, 2013, 23, 24),
(200, 10, 22000000, 2013, 12, 25),
(201, 11, 260000000, 2015, 8, 8),
(202, 11, 2200000, 2011, 38, 3),
(203, 11, 14000000, 2014, 67, 1),
(204, 11, 2000000, 2010, 15, 2),
(205, 11, 370000000, 2013, 35, 24),
(206, 11, 12000000, 2011, 8, 14),
(207, 11, 18000000, 2010, 57, 13),
(208, 11, 250000000, 2015, 36, 16),
(209, 11, 4300000, 2013, 9, 17),
(210, 11, 15000000, 2012, 71, 10),
(211, 11, 160000000, 2011, 50, 16),
(212, 11, 900000, 2012, 57, 23),
(213, 11, 36000000, 2014, 17, 26),
(214, 11, 2700000, 2012, 61, 13),
(215, 11, 330000000, 2011, 78, 18),
(216, 11, 37000000, 2011, 24, 17),
(217, 11, 60000000, 2014, 7, 16),
(218, 11, 15000000, 2012, 6, 7),
(219, 11, 80000000, 2013, 50, 20),
(220, 11, 16000000, 2011, 36, 24),
(221, 12, 200000000, 2015, 44, 10),
(222, 12, 1000000, 2011, 73, 13),
(223, 12, 100000000, 2010, 47, 23),
(224, 12, 6000000, 2015, 13, 18),
(225, 12, 3000000, 2015, 14, 24),
(226, 12, 2000000, 2012, 19, 4),
(227, 12, 19000000, 2011, 30, 21),
(228, 12, 1100000, 2013, 71, 24),
(229, 12, 3800000, 2012, 27, 26),
(230, 12, 2900000, 2014, 16, 9),
(231, 12, 3800000, 2015, 10, 17),
(232, 12, 24000000, 2011, 24, 7),
(233, 12, 5000000, 2011, 20, 27),
(234, 12, 4100000, 2015, 61, 18),
(235, 12, 2400000, 2013, 64, 8),
(236, 12, 19000000, 2012, 78, 7),
(237, 12, 450000000, 2012, 5, 2),
(238, 12, 2600000, 2010, 73, 20),
(239, 12, 35000000, 2015, 69, 14),
(240, 12, 12000000, 2013, 61, 13),
(241, 13, 2500000, 2014, 48, 25),
(242, 13, 3600000, 2014, 5, 12),
(243, 13, 270000000, 2014, 46, 10),
(244, 13, 31000000, 2012, 14, 1),
(245, 13, 1200000, 2015, 51, 4),
(246, 13, 10000000, 2013, 33, 19),
(247, 13, 210000000, 2012, 65, 20),
(248, 13, 260000000, 2010, 56, 13),
(249, 13, 60000000, 2013, 5, 15),
(250, 13, 23000000, 2013, 60, 22),
(251, 13, 400000000, 2011, 1, 23),
(252, 13, 28000000, 2013, 18, 6),
(253, 13, 250000000, 2014, 1, 13),
(254, 13, 42000000, 2012, 33, 27),
(255, 13, 320000000, 2012, 27, 9),
(256, 13, 240000000, 2013, 9, 27),
(257, 13, 370000000, 2012, 4, 1),
(258, 13, 1800000, 2012, 15, 2),
(259, 13, 24000000, 2015, 52, 5),
(260, 13, 43000000, 2010, 16, 12),
(261, 14, 3000000, 2015, 78, 8),
(262, 14, 80000000, 2014, 73, 3),
(263, 14, 26000000, 2015, 64, 1),
(264, 14, 1300000, 2014, 2, 8),
(265, 14, 150000000, 2011, 8, 13),
(266, 14, 200000000, 2014, 81, 26),
(267, 14, 2800000, 2014, 70, 20),
(268, 14, 43000000, 2010, 7, 26),
(269, 14, 44000000, 2014, 51, 8),
(270, 14, 1200000, 2015, 8, 26),
(271, 14, 50000000, 2010, 35, 15),
(272, 14, 2800000, 2014, 54, 9),
(273, 14, 45000000, 2012, 71, 13),
(274, 14, 200000000, 2011, 80, 19),
(275, 14, 160000000, 2010, 71, 25),
(276, 14, 3000000, 2015, 37, 26),
(277, 14, 360000000, 2010, 1, 16),
(278, 14, 180000000, 2011, 46, 8),
(279, 14, 130000000, 2014, 54, 24),
(280, 14, 2600000, 2014, 47, 11),
(281, 15, 7000000, 2014, 60, 6),
(282, 15, 40000000, 2012, 39, 3),
(283, 15, 160000000, 2015, 9, 18),
(284, 15, 90000000, 2010, 36, 17),
(285, 15, 350000000, 2010, 46, 9),
(286, 15, 34000000, 2015, 56, 8),
(287, 15, 450000000, 2015, 71, 27),
(288, 15, 410000000, 2015, 65, 23),
(289, 15, 35000000, 2015, 12, 23),
(290, 15, 30000000, 2015, 46, 2),
(291, 15, 40000000, 2013, 14, 26),
(292, 15, 70000000, 2010, 23, 13),
(293, 15, 18000000, 2014, 44, 27),
(294, 15, 320000000, 2011, 41, 11),
(295, 15, 110000000, 2010, 8, 25),
(296, 15, 1800000, 2011, 26, 18),
(297, 15, 100000, 2011, 42, 5),
(298, 15, 3700000, 2014, 46, 2),
(299, 15, 44000000, 2014, 30, 13),
(300, 15, 290000000, 2010, 20, 22),
(301, 16, 2800000, 2015, 69, 9),
(302, 16, 450000000, 2011, 59, 22),
(303, 16, 600000, 2013, 70, 26),
(304, 16, 1700000, 2014, 37, 23),
(305, 16, 360000000, 2011, 63, 13),
(306, 16, 90000000, 2015, 7, 3),
(307, 16, 340000000, 2010, 82, 20),
(308, 16, 1000000, 2010, 39, 20),
(309, 16, 16000000, 2010, 9, 27),
(310, 16, 3300000, 2015, 52, 10),
(311, 16, 1200000, 2011, 18, 8),
(312, 16, 200000, 2010, 20, 15),
(313, 16, 2800000, 2015, 23, 11),
(314, 16, 15000000, 2014, 27, 15),
(315, 16, 150000000, 2013, 45, 7),
(316, 16, 30000000, 2014, 16, 13),
(317, 16, 450000000, 2011, 31, 11),
(318, 16, 3500000, 2010, 40, 18),
(319, 16, 24000000, 2014, 48, 15),
(320, 16, 2300000, 2012, 13, 7),
(321, 17, 5000000, 2011, 38, 3),
(322, 17, 10000000, 2011, 43, 13),
(323, 17, 31000000, 2012, 41, 21),
(324, 17, 1000000, 2012, 7, 5),
(325, 17, 8000000, 2013, 4, 19),
(326, 17, 5000000, 2011, 33, 15),
(327, 17, 4400000, 2013, 59, 27),
(328, 17, 25000000, 2013, 30, 13),
(329, 17, 10000000, 2012, 13, 26),
(330, 17, 2900000, 2011, 79, 3),
(331, 17, 15000000, 2011, 54, 26),
(332, 17, 2400000, 2015, 11, 19),
(333, 17, 27000000, 2012, 77, 23),
(334, 17, 180000000, 2010, 54, 1),
(335, 17, 130000000, 2011, 23, 12),
(336, 17, 380000000, 2012, 36, 18),
(337, 17, 450000000, 2015, 2, 24),
(338, 17, 430000000, 2013, 1, 1),
(339, 17, 30000000, 2012, 28, 25),
(340, 17, 160000000, 2015, 80, 14),
(341, 18, 3900000, 2014, 57, 11),
(342, 18, 60000000, 2014, 31, 23),
(343, 18, 230000000, 2011, 56, 19),
(344, 18, 42000000, 2012, 48, 2),
(345, 18, 3900000, 2011, 26, 15),
(346, 18, 380000000, 2011, 23, 6),
(347, 18, 430000000, 2011, 76, 16),
(348, 18, 9000000, 2015, 17, 20),
(349, 18, 22000000, 2014, 76, 14),
(350, 18, 380000000, 2015, 25, 27),
(351, 18, 1800000, 2014, 22, 11),
(352, 18, 60000000, 2015, 37, 22),
(353, 18, 4400000, 2015, 20, 7),
(354, 18, 20000000, 2011, 44, 18),
(355, 18, 320000000, 2014, 44, 1),
(356, 18, 300000, 2015, 31, 20),
(357, 18, 45000000, 2011, 62, 19),
(358, 18, 130000000, 2013, 10, 20),
(359, 18, 150000000, 2012, 5, 21),
(360, 18, 18000000, 2013, 30, 21),
(361, 19, 9000000, 2014, 5, 15),
(362, 19, 90000000, 2013, 72, 20),
(363, 19, 36000000, 2011, 17, 17),
(364, 19, 43000000, 2015, 43, 19),
(365, 19, 3900000, 2014, 5, 20),
(366, 19, 100000000, 2015, 80, 15),
(367, 19, 3300000, 2013, 9, 9),
(368, 19, 5000000, 2012, 27, 2),
(369, 19, 350000000, 2015, 54, 1),
(370, 19, 450000000, 2015, 4, 20),
(371, 19, 37000000, 2014, 26, 12),
(372, 19, 400000000, 2013, 65, 18),
(373, 19, 10000000, 2012, 39, 1),
(374, 19, 200000000, 2015, 72, 24),
(375, 19, 22000000, 2013, 55, 21),
(376, 19, 44000000, 2010, 29, 4),
(377, 19, 340000000, 2015, 51, 7),
(378, 19, 28000000, 2011, 54, 23),
(379, 19, 310000000, 2011, 5, 9),
(380, 19, 33000000, 2010, 36, 7),
(381, 20, 2600000, 2015, 31, 25),
(382, 20, 22000000, 2013, 78, 10),
(383, 20, 43000000, 2010, 70, 14),
(384, 20, 300000, 2013, 43, 4),
(385, 20, 2400000, 2015, 56, 3),
(386, 20, 200000, 2013, 49, 17),
(387, 20, 1600000, 2011, 81, 17),
(388, 20, 4000000, 2013, 81, 6),
(389, 20, 300000000, 2010, 80, 16),
(390, 20, 8000000, 2013, 60, 10),
(391, 20, 2000000, 2013, 11, 5),
(392, 20, 350000000, 2013, 34, 17),
(393, 20, 300000000, 2012, 40, 8),
(394, 20, 2400000, 2012, 38, 11),
(395, 20, 1300000, 2011, 12, 14),
(396, 20, 1400000, 2010, 31, 3),
(397, 20, 24000000, 2010, 15, 19),
(398, 20, 390000000, 2012, 5, 7),
(399, 20, 2800000, 2013, 24, 10),
(400, 20, 430000000, 2015, 10, 18),
(401, 21, 200000, 2014, 63, 26),
(402, 21, 32000000, 2012, 72, 13),
(403, 21, 22000000, 2015, 75, 13),
(404, 21, 22000000, 2010, 29, 15),
(405, 21, 250000000, 2010, 68, 25),
(406, 21, 1400000, 2014, 62, 2),
(407, 21, 30000000, 2012, 82, 15),
(408, 21, 4300000, 2013, 28, 10),
(409, 21, 4300000, 2015, 65, 21),
(410, 21, 4000000, 2011, 76, 13),
(411, 21, 11000000, 2015, 28, 4),
(412, 21, 27000000, 2015, 57, 24),
(413, 21, 20000000, 2013, 64, 5),
(414, 21, 3400000, 2013, 33, 26),
(415, 21, 45000000, 2012, 75, 23),
(416, 21, 250000000, 2011, 5, 9),
(417, 21, 3800000, 2012, 32, 9),
(418, 21, 2200000, 2011, 38, 22),
(419, 21, 44000000, 2014, 75, 5),
(420, 21, 240000000, 2015, 16, 1),
(421, 22, 100000000, 2015, 61, 26),
(422, 22, 800000, 2014, 67, 8),
(423, 22, 70000000, 2014, 43, 26),
(424, 22, 410000000, 2012, 18, 25),
(425, 22, 1500000, 2013, 1, 21),
(426, 22, 9000000, 2011, 55, 5),
(427, 22, 390000000, 2013, 10, 25),
(428, 22, 240000000, 2014, 60, 21),
(429, 22, 27000000, 2013, 67, 22),
(430, 22, 15000000, 2014, 71, 20),
(431, 22, 210000000, 2011, 45, 3),
(432, 22, 800000, 2014, 35, 3),
(433, 22, 3800000, 2014, 62, 2),
(434, 22, 4400000, 2014, 61, 12),
(435, 22, 500000, 2011, 60, 5),
(436, 22, 130000000, 2015, 44, 1),
(437, 22, 900000, 2010, 16, 22),
(438, 22, 38000000, 2014, 66, 9),
(439, 22, 1100000, 2012, 20, 3),
(440, 22, 6000000, 2010, 46, 1),
(441, 23, 43000000, 2014, 45, 10),
(442, 23, 40000000, 2010, 21, 7),
(443, 23, 43000000, 2013, 60, 15),
(444, 23, 280000000, 2015, 51, 16),
(445, 23, 2200000, 2011, 5, 12),
(446, 23, 350000000, 2013, 44, 15),
(447, 23, 42000000, 2012, 64, 11),
(448, 23, 35000000, 2011, 17, 24),
(449, 23, 420000000, 2015, 44, 3),
(450, 23, 2000000, 2013, 49, 15),
(451, 23, 3300000, 2010, 67, 17),
(452, 23, 800000, 2013, 39, 3),
(453, 23, 60000000, 2015, 45, 3),
(454, 23, 1300000, 2012, 42, 26),
(455, 23, 430000000, 2010, 36, 20),
(456, 23, 12000000, 2014, 8, 13),
(457, 23, 8000000, 2015, 56, 27),
(458, 23, 7000000, 2013, 13, 15),
(459, 23, 28000000, 2011, 36, 6),
(460, 23, 1700000, 2013, 35, 9),
(461, 24, 1200000, 2015, 11, 13),
(462, 24, 290000000, 2011, 19, 15),
(463, 24, 300000000, 2013, 68, 5),
(464, 24, 3000000, 2012, 6, 14),
(465, 24, 400000000, 2015, 73, 14),
(466, 24, 330000000, 2014, 63, 13),
(467, 24, 23000000, 2011, 58, 22),
(468, 24, 130000000, 2013, 55, 26),
(469, 24, 25000000, 2012, 62, 24),
(470, 24, 21000000, 2015, 42, 6),
(471, 24, 39000000, 2013, 32, 26),
(472, 24, 2000000, 2011, 55, 4),
(473, 24, 39000000, 2011, 41, 22),
(474, 24, 1900000, 2012, 50, 26),
(475, 24, 28000000, 2011, 65, 22),
(476, 24, 3500000, 2013, 73, 12),
(477, 24, 1400000, 2015, 38, 5),
(478, 24, 200000000, 2012, 18, 1),
(479, 24, 1400000, 2011, 48, 20),
(480, 24, 140000000, 2012, 27, 10),
(481, 25, 1400000, 2012, 27, 5),
(482, 25, 4400000, 2013, 67, 26),
(483, 25, 2300000, 2015, 12, 14),
(484, 25, 420000000, 2012, 30, 9),
(485, 25, 4200000, 2011, 65, 24),
(486, 25, 37000000, 2014, 41, 7),
(487, 25, 300000, 2012, 20, 2),
(488, 25, 190000000, 2012, 36, 14),
(489, 25, 270000000, 2013, 4, 10),
(490, 25, 1700000, 2010, 59, 7),
(491, 25, 4400000, 2014, 11, 17),
(492, 25, 23000000, 2012, 30, 17),
(493, 25, 7000000, 2014, 1, 4),
(494, 25, 16000000, 2012, 48, 17),
(495, 25, 20000000, 2014, 4, 3),
(496, 25, 34000000, 2012, 47, 15),
(497, 25, 430000000, 2013, 27, 5),
(498, 25, 50000000, 2015, 54, 6),
(499, 25, 14000000, 2013, 18, 10),
(500, 25, 600000, 2013, 8, 21),
(501, 26, 3000000, 2010, 61, 5),
(502, 26, 2400000, 2013, 74, 7),
(503, 26, 220000000, 2010, 1, 22),
(504, 26, 300000000, 2015, 80, 16),
(505, 26, 31000000, 2012, 10, 4),
(506, 26, 1000000, 2010, 53, 1),
(507, 26, 30000000, 2011, 74, 11),
(508, 26, 3100000, 2014, 33, 18),
(509, 26, 360000000, 2012, 55, 2),
(510, 26, 400000000, 2014, 66, 3),
(511, 26, 400000000, 2011, 68, 19),
(512, 26, 3800000, 2010, 1, 14),
(513, 26, 120000000, 2013, 55, 25),
(514, 26, 300000000, 2011, 23, 11),
(515, 26, 21000000, 2011, 29, 27),
(516, 26, 290000000, 2012, 70, 23),
(517, 26, 24000000, 2015, 30, 26),
(518, 26, 2000000, 2014, 48, 8),
(519, 26, 37000000, 2012, 75, 17),
(520, 26, 25000000, 2014, 5, 26),
(521, 27, 9000000, 2011, 77, 18),
(522, 27, 420000000, 2011, 9, 2),
(523, 27, 440000000, 2010, 38, 23),
(524, 27, 90000000, 2015, 23, 23),
(525, 27, 6000000, 2011, 49, 5),
(526, 27, 33000000, 2011, 7, 13),
(527, 27, 41000000, 2011, 27, 22),
(528, 27, 20000000, 2015, 4, 9),
(529, 27, 290000000, 2010, 28, 26),
(530, 27, 2400000, 2011, 18, 15),
(531, 27, 410000000, 2015, 50, 16),
(532, 27, 230000000, 2012, 18, 5),
(533, 27, 330000000, 2012, 55, 11),
(534, 27, 400000, 2015, 48, 5),
(535, 27, 8000000, 2015, 55, 22),
(536, 27, 1900000, 2010, 50, 25),
(537, 27, 43000000, 2014, 16, 15),
(538, 27, 370000000, 2010, 64, 6),
(539, 27, 150000000, 2015, 65, 4),
(540, 27, 190000000, 2013, 27, 19),
(541, 28, 4400000, 2010, 43, 23),
(542, 28, 3600000, 2013, 52, 22),
(543, 28, 35000000, 2012, 3, 5),
(544, 28, 1300000, 2013, 43, 11),
(545, 28, 150000000, 2013, 79, 2),
(546, 28, 14000000, 2011, 41, 1),
(547, 28, 120000000, 2014, 23, 17),
(548, 28, 17000000, 2010, 27, 22),
(549, 28, 3300000, 2011, 69, 16),
(550, 28, 23000000, 2014, 42, 18),
(551, 28, 33000000, 2012, 29, 7),
(552, 28, 150000000, 2010, 50, 15),
(553, 28, 290000000, 2012, 40, 11),
(554, 28, 34000000, 2014, 32, 15),
(555, 28, 10000000, 2011, 70, 9),
(556, 28, 180000000, 2013, 61, 18),
(557, 28, 43000000, 2011, 44, 18),
(558, 28, 16000000, 2012, 79, 12),
(559, 28, 320000000, 2011, 78, 10),
(560, 28, 260000000, 2014, 69, 23),
(561, 29, 3300000, 2013, 55, 15),
(562, 29, 1000000, 2011, 18, 21),
(563, 29, 230000000, 2012, 33, 8),
(564, 29, 1000000, 2010, 70, 21),
(565, 29, 60000000, 2014, 80, 19),
(566, 29, 10000000, 2010, 38, 12),
(567, 29, 1600000, 2010, 7, 24),
(568, 29, 90000000, 2015, 11, 7),
(569, 29, 160000000, 2015, 15, 22),
(570, 29, 7000000, 2012, 79, 11),
(571, 29, 37000000, 2011, 31, 16),
(572, 29, 500000, 2013, 70, 3),
(573, 29, 200000, 2014, 22, 27),
(574, 29, 42000000, 2013, 60, 4),
(575, 29, 2000000, 2011, 23, 16),
(576, 29, 100000, 2012, 61, 14),
(577, 29, 35000000, 2013, 73, 23),
(578, 29, 12000000, 2013, 7, 15),
(579, 29, 270000000, 2012, 45, 2),
(580, 29, 15000000, 2015, 56, 11),
(581, 30, 140000000, 2012, 5, 16),
(582, 30, 2800000, 2014, 15, 5),
(583, 30, 3800000, 2014, 29, 14),
(584, 30, 39000000, 2010, 31, 3),
(585, 30, 90000000, 2013, 7, 4),
(586, 30, 130000000, 2013, 16, 2),
(587, 30, 1300000, 2010, 29, 1),
(588, 30, 3200000, 2013, 79, 4),
(589, 30, 50000000, 2014, 62, 11),
(590, 30, 2200000, 2011, 57, 5),
(591, 30, 5000000, 2015, 82, 11),
(592, 30, 39000000, 2011, 80, 19),
(593, 30, 21000000, 2013, 76, 15),
(594, 30, 400000, 2011, 45, 13),
(595, 30, 2000000, 2012, 10, 11),
(596, 30, 2900000, 2012, 73, 4),
(597, 30, 31000000, 2010, 77, 5),
(598, 30, 32000000, 2015, 82, 12),
(599, 30, 310000000, 2013, 82, 3),
(600, 30, 330000000, 2012, 29, 16),
(601, 31, 390000000, 2014, 69, 16),
(602, 31, 1900000, 2010, 37, 10),
(603, 31, 41000000, 2010, 65, 1),
(604, 31, 500000, 2013, 34, 22),
(605, 31, 40000000, 2013, 73, 14),
(606, 31, 450000000, 2014, 41, 22),
(607, 31, 19000000, 2012, 19, 14),
(608, 31, 22000000, 2010, 63, 17),
(609, 31, 40000000, 2014, 36, 3),
(610, 31, 2000000, 2010, 50, 22),
(611, 31, 300000000, 2010, 46, 13),
(612, 31, 18000000, 2014, 78, 1),
(613, 31, 23000000, 2015, 82, 17),
(614, 31, 8000000, 2014, 32, 10),
(615, 31, 3300000, 2011, 49, 4),
(616, 31, 7000000, 2013, 75, 13),
(617, 31, 390000000, 2010, 52, 19),
(618, 31, 33000000, 2014, 21, 13),
(619, 31, 17000000, 2014, 76, 27),
(620, 31, 38000000, 2011, 31, 10),
(621, 32, 4500000, 2015, 73, 18),
(622, 32, 700000, 2010, 18, 6),
(623, 32, 32000000, 2012, 12, 23),
(624, 32, 300000000, 2011, 56, 1),
(625, 32, 230000000, 2014, 37, 11),
(626, 32, 25000000, 2010, 23, 25),
(627, 32, 12000000, 2015, 6, 26),
(628, 32, 500000, 2014, 1, 1),
(629, 32, 1800000, 2014, 14, 4),
(630, 32, 3400000, 2013, 14, 2),
(631, 32, 4500000, 2013, 11, 2),
(632, 32, 1000000, 2010, 45, 23),
(633, 32, 20000000, 2010, 82, 12),
(634, 32, 44000000, 2014, 73, 8),
(635, 32, 35000000, 2013, 11, 17),
(636, 32, 4000000, 2012, 3, 14),
(637, 32, 140000000, 2015, 71, 10),
(638, 32, 32000000, 2010, 5, 7),
(639, 32, 1600000, 2014, 80, 26),
(640, 32, 160000000, 2013, 81, 9),
(641, 33, 9000000, 2015, 71, 4),
(642, 33, 4400000, 2014, 32, 22),
(643, 33, 3400000, 2015, 27, 15),
(644, 33, 420000000, 2012, 23, 20),
(645, 33, 17000000, 2015, 71, 8),
(646, 33, 3700000, 2012, 43, 22),
(647, 33, 440000000, 2015, 33, 18),
(648, 33, 270000000, 2015, 13, 3),
(649, 33, 30000000, 2010, 9, 7),
(650, 33, 140000000, 2011, 40, 17),
(651, 33, 190000000, 2014, 1, 3),
(652, 33, 10000000, 2013, 40, 1),
(653, 33, 180000000, 2011, 1, 8),
(654, 33, 260000000, 2014, 17, 25),
(655, 33, 43000000, 2011, 21, 25),
(656, 33, 80000000, 2010, 52, 9),
(657, 33, 10000000, 2012, 18, 8),
(658, 33, 130000000, 2014, 44, 20),
(659, 33, 1400000, 2011, 28, 6),
(660, 33, 210000000, 2012, 14, 14),
(661, 34, 1100000, 2014, 26, 3),
(662, 34, 440000000, 2010, 8, 18),
(663, 34, 22000000, 2013, 15, 5),
(664, 34, 17000000, 2014, 14, 17),
(665, 34, 42000000, 2011, 32, 12),
(666, 34, 18000000, 2010, 19, 18),
(667, 34, 150000000, 2014, 55, 10),
(668, 34, 420000000, 2014, 55, 18),
(669, 34, 1600000, 2015, 10, 16),
(670, 34, 400000, 2013, 72, 11),
(671, 34, 220000000, 2013, 11, 17),
(672, 34, 35000000, 2011, 14, 15),
(673, 34, 4100000, 2010, 74, 24),
(674, 34, 15000000, 2012, 37, 5),
(675, 34, 10000000, 2011, 4, 10),
(676, 34, 2600000, 2014, 36, 21),
(677, 34, 38000000, 2014, 48, 11),
(678, 34, 7000000, 2010, 22, 2),
(679, 34, 390000000, 2014, 40, 13),
(680, 34, 120000000, 2013, 43, 7),
(681, 35, 39000000, 2010, 32, 11),
(682, 35, 290000000, 2010, 73, 11),
(683, 35, 70000000, 2015, 14, 2),
(684, 35, 22000000, 2015, 81, 19),
(685, 35, 220000000, 2012, 78, 8),
(686, 35, 10000000, 2014, 43, 7),
(687, 35, 44000000, 2013, 47, 24),
(688, 35, 4000000, 2012, 77, 6),
(689, 35, 1300000, 2012, 13, 19),
(690, 35, 190000000, 2012, 55, 25),
(691, 35, 290000000, 2011, 1, 23),
(692, 35, 1700000, 2013, 78, 18),
(693, 35, 380000000, 2010, 31, 14),
(694, 35, 180000000, 2010, 40, 24),
(695, 35, 2400000, 2011, 3, 21),
(696, 35, 1900000, 2011, 62, 18),
(697, 35, 320000000, 2010, 67, 8),
(698, 35, 38000000, 2015, 47, 27),
(699, 35, 14000000, 2013, 26, 7),
(700, 35, 340000000, 2010, 51, 22),
(701, 36, 3600000, 2012, 10, 16),
(702, 36, 170000000, 2014, 62, 14),
(703, 36, 200000, 2011, 47, 16),
(704, 36, 340000000, 2011, 47, 21),
(705, 36, 360000000, 2013, 32, 21),
(706, 36, 330000000, 2015, 64, 6),
(707, 36, 60000000, 2010, 72, 23),
(708, 36, 60000000, 2011, 18, 21),
(709, 36, 26000000, 2013, 78, 26),
(710, 36, 900000, 2013, 38, 19),
(711, 36, 170000000, 2011, 10, 9),
(712, 36, 240000000, 2014, 20, 26),
(713, 36, 200000, 2014, 68, 24),
(714, 36, 180000000, 2012, 54, 25),
(715, 36, 50000000, 2012, 48, 20),
(716, 36, 2900000, 2011, 38, 25),
(717, 36, 270000000, 2013, 62, 10),
(718, 36, 70000000, 2010, 26, 14),
(719, 36, 370000000, 2011, 59, 5),
(720, 36, 15000000, 2014, 29, 21),
(721, 37, 230000000, 2015, 1, 4),
(722, 37, 27000000, 2011, 42, 21),
(723, 37, 7000000, 2010, 46, 6),
(724, 37, 2800000, 2010, 29, 8),
(725, 37, 4500000, 2013, 48, 25),
(726, 37, 20000000, 2012, 75, 10),
(727, 37, 39000000, 2013, 32, 9),
(728, 37, 800000, 2014, 22, 4),
(729, 37, 35000000, 2011, 49, 3),
(730, 37, 140000000, 2015, 13, 12),
(731, 37, 28000000, 2011, 42, 7),
(732, 37, 38000000, 2015, 39, 27),
(733, 37, 350000000, 2012, 14, 22),
(734, 37, 10000000, 2015, 68, 12),
(735, 37, 30000000, 2011, 25, 24),
(736, 37, 43000000, 2011, 68, 11),
(737, 37, 15000000, 2015, 37, 13),
(738, 37, 200000000, 2015, 9, 6),
(739, 37, 900000, 2013, 16, 18),
(740, 37, 2700000, 2015, 3, 10),
(741, 38, 270000000, 2015, 41, 21),
(742, 38, 44000000, 2013, 23, 26),
(743, 38, 1700000, 2010, 64, 24),
(744, 38, 440000000, 2014, 66, 1),
(745, 38, 110000000, 2011, 39, 15),
(746, 38, 420000000, 2013, 38, 1),
(747, 38, 24000000, 2010, 50, 9),
(748, 38, 900000, 2012, 24, 14),
(749, 38, 36000000, 2011, 1, 8),
(750, 38, 4300000, 2015, 42, 12),
(751, 38, 70000000, 2013, 10, 18),
(752, 38, 1400000, 2011, 22, 20),
(753, 38, 300000000, 2011, 22, 7),
(754, 38, 2300000, 2015, 21, 7),
(755, 38, 1600000, 2010, 20, 21),
(756, 38, 430000000, 2010, 53, 9),
(757, 38, 27000000, 2010, 23, 22),
(758, 38, 18000000, 2012, 42, 3),
(759, 38, 500000, 2013, 8, 4),
(760, 38, 1100000, 2015, 73, 16),
(761, 39, 140000000, 2011, 25, 20),
(762, 39, 90000000, 2015, 44, 8),
(763, 39, 420000000, 2012, 76, 19),
(764, 39, 800000, 2014, 22, 8),
(765, 39, 340000000, 2014, 56, 4),
(766, 39, 4200000, 2010, 63, 3),
(767, 39, 1300000, 2013, 12, 10),
(768, 39, 40000000, 2012, 72, 15),
(769, 39, 15000000, 2011, 41, 25),
(770, 39, 11000000, 2010, 71, 18),
(771, 39, 9000000, 2012, 27, 2),
(772, 39, 210000000, 2013, 66, 4),
(773, 39, 120000000, 2014, 64, 13),
(774, 39, 1600000, 2010, 51, 19),
(775, 39, 9000000, 2014, 43, 23),
(776, 39, 380000000, 2015, 60, 17),
(777, 39, 44000000, 2014, 68, 17),
(778, 39, 4400000, 2010, 31, 27),
(779, 39, 25000000, 2014, 82, 25),
(780, 39, 190000000, 2013, 26, 1),
(781, 40, 2700000, 2014, 80, 12),
(782, 40, 180000000, 2011, 77, 17),
(783, 40, 25000000, 2011, 47, 13),
(784, 40, 100000, 2013, 41, 21),
(785, 40, 36000000, 2015, 22, 11),
(786, 40, 1100000, 2014, 1, 3),
(787, 40, 300000000, 2013, 9, 13),
(788, 40, 31000000, 2014, 59, 6),
(789, 40, 4200000, 2014, 74, 10),
(790, 40, 1800000, 2015, 32, 22),
(791, 40, 230000000, 2012, 18, 5),
(792, 40, 7000000, 2015, 56, 1),
(793, 40, 34000000, 2015, 67, 12),
(794, 40, 5000000, 2014, 35, 27),
(795, 40, 2600000, 2012, 65, 1),
(796, 40, 15000000, 2012, 51, 21),
(797, 40, 130000000, 2011, 45, 4),
(798, 40, 5000000, 2013, 66, 14),
(799, 40, 3300000, 2010, 41, 1),
(800, 40, 41000000, 2012, 36, 1),
(801, 41, 1600000, 2011, 53, 5),
(802, 41, 37000000, 2015, 72, 26),
(803, 41, 40000000, 2015, 68, 26),
(804, 41, 3000000, 2012, 66, 17),
(805, 41, 17000000, 2012, 23, 25),
(806, 41, 1600000, 2012, 45, 9),
(807, 41, 12000000, 2011, 82, 22),
(808, 41, 39000000, 2012, 13, 12),
(809, 41, 50000000, 2015, 13, 27),
(810, 41, 240000000, 2010, 61, 19),
(811, 41, 19000000, 2011, 39, 22),
(812, 41, 18000000, 2013, 82, 27),
(813, 41, 16000000, 2015, 65, 20),
(814, 41, 30000000, 2014, 48, 4),
(815, 41, 410000000, 2012, 40, 26),
(816, 41, 350000000, 2014, 43, 3),
(817, 41, 7000000, 2010, 70, 17),
(818, 41, 33000000, 2013, 6, 17),
(819, 41, 220000000, 2015, 46, 7),
(820, 41, 13000000, 2014, 26, 25),
(821, 42, 17000000, 2011, 45, 3),
(822, 42, 180000000, 2014, 77, 4),
(823, 42, 2900000, 2014, 32, 22),
(824, 42, 2600000, 2010, 39, 26),
(825, 42, 3600000, 2014, 74, 3),
(826, 42, 10000000, 2010, 56, 5),
(827, 42, 2300000, 2013, 60, 25),
(828, 42, 290000000, 2014, 69, 23),
(829, 42, 160000000, 2011, 47, 13),
(830, 42, 310000000, 2010, 38, 24),
(831, 42, 240000000, 2010, 29, 21),
(832, 42, 20000000, 2011, 26, 22),
(833, 42, 31000000, 2014, 3, 16),
(834, 42, 19000000, 2011, 70, 11),
(835, 42, 8000000, 2011, 2, 5),
(836, 42, 34000000, 2011, 49, 12),
(837, 42, 2800000, 2012, 63, 1),
(838, 42, 21000000, 2013, 68, 10),
(839, 42, 21000000, 2015, 54, 11),
(840, 42, 37000000, 2012, 7, 4),
(841, 43, 340000000, 2010, 45, 26),
(842, 43, 500000, 2013, 25, 26),
(843, 43, 700000, 2013, 29, 18),
(844, 43, 330000000, 2012, 20, 22),
(845, 43, 300000000, 2010, 72, 2),
(846, 43, 14000000, 2014, 31, 8),
(847, 43, 260000000, 2012, 21, 16),
(848, 43, 44000000, 2013, 3, 25),
(849, 43, 2000000, 2011, 30, 9),
(850, 43, 3000000, 2014, 50, 4),
(851, 43, 21000000, 2015, 3, 21),
(852, 43, 2300000, 2014, 81, 4),
(853, 43, 2200000, 2011, 2, 24),
(854, 43, 35000000, 2012, 27, 13),
(855, 43, 5000000, 2011, 54, 23),
(856, 43, 700000, 2014, 18, 21),
(857, 43, 23000000, 2010, 1, 11),
(858, 43, 1700000, 2015, 7, 19),
(859, 43, 380000000, 2012, 30, 3),
(860, 43, 170000000, 2011, 52, 22),
(861, 44, 600000, 2014, 51, 21),
(862, 44, 120000000, 2015, 38, 14),
(863, 44, 10000000, 2013, 56, 14),
(864, 44, 37000000, 2010, 75, 17),
(865, 44, 3100000, 2015, 49, 20),
(866, 44, 7000000, 2012, 38, 12),
(867, 44, 6000000, 2014, 34, 26),
(868, 44, 38000000, 2013, 30, 19),
(869, 44, 3000000, 2013, 70, 8),
(870, 44, 31000000, 2011, 51, 12),
(871, 44, 340000000, 2015, 9, 5),
(872, 44, 120000000, 2011, 45, 26),
(873, 44, 70000000, 2012, 64, 5),
(874, 44, 410000000, 2013, 9, 13),
(875, 44, 270000000, 2010, 13, 7),
(876, 44, 44000000, 2011, 51, 11),
(877, 44, 4100000, 2010, 29, 2),
(878, 44, 1500000, 2011, 62, 15),
(879, 44, 330000000, 2011, 68, 18),
(880, 44, 440000000, 2010, 13, 26),
(881, 45, 18000000, 2010, 1, 12),
(882, 45, 26000000, 2010, 80, 10),
(883, 45, 180000000, 2010, 12, 14),
(884, 45, 1000000, 2015, 60, 19),
(885, 45, 290000000, 2013, 20, 19),
(886, 45, 390000000, 2012, 19, 14),
(887, 45, 220000000, 2012, 1, 24),
(888, 45, 40000000, 2012, 52, 6),
(889, 45, 3900000, 2013, 6, 20),
(890, 45, 80000000, 2015, 46, 23),
(891, 45, 42000000, 2014, 8, 15),
(892, 45, 170000000, 2014, 16, 2),
(893, 45, 39000000, 2015, 5, 3),
(894, 45, 1200000, 2014, 67, 2),
(895, 45, 24000000, 2014, 5, 27),
(896, 45, 4100000, 2010, 73, 8),
(897, 45, 700000, 2012, 19, 27),
(898, 45, 370000000, 2011, 10, 8),
(899, 45, 220000000, 2010, 10, 9),
(900, 45, 18000000, 2011, 11, 10),
(901, 46, 10000000, 2015, 41, 8),
(902, 46, 230000000, 2010, 77, 23),
(903, 46, 19000000, 2015, 46, 10),
(904, 46, 600000, 2011, 66, 18),
(905, 46, 10000000, 2012, 62, 2),
(906, 46, 300000, 2013, 60, 10),
(907, 46, 4200000, 2014, 49, 8),
(908, 46, 200000000, 2015, 25, 2),
(909, 46, 80000000, 2010, 68, 18),
(910, 46, 42000000, 2010, 76, 24),
(911, 46, 2300000, 2010, 79, 14),
(912, 46, 210000000, 2014, 39, 8),
(913, 46, 4400000, 2011, 58, 1),
(914, 46, 3400000, 2013, 36, 20),
(915, 46, 380000000, 2010, 56, 23),
(916, 46, 3100000, 2013, 50, 14),
(917, 46, 30000000, 2014, 29, 7),
(918, 46, 38000000, 2010, 24, 2),
(919, 46, 1500000, 2012, 56, 4),
(920, 46, 700000, 2013, 76, 26),
(921, 47, 1700000, 2012, 11, 4),
(922, 47, 12000000, 2012, 28, 5),
(923, 47, 270000000, 2015, 9, 23),
(924, 47, 1100000, 2012, 75, 25),
(925, 47, 270000000, 2011, 43, 7),
(926, 47, 1100000, 2010, 22, 12),
(927, 47, 2400000, 2013, 35, 20),
(928, 47, 250000000, 2011, 77, 19),
(929, 47, 32000000, 2010, 19, 21),
(930, 47, 150000000, 2014, 46, 5),
(931, 47, 310000000, 2010, 1, 6),
(932, 47, 2500000, 2010, 13, 15),
(933, 47, 190000000, 2015, 26, 8),
(934, 47, 270000000, 2013, 67, 17),
(935, 47, 3700000, 2012, 2, 13),
(936, 47, 25000000, 2011, 62, 22),
(937, 47, 3000000, 2013, 70, 4),
(938, 47, 1800000, 2010, 26, 18),
(939, 47, 4300000, 2012, 10, 13),
(940, 47, 1000000, 2015, 40, 9),
(941, 48, 50000000, 2010, 33, 19),
(942, 48, 30000000, 2015, 34, 2),
(943, 48, 23000000, 2011, 67, 3),
(944, 48, 700000, 2012, 51, 21),
(945, 48, 15000000, 2013, 51, 22),
(946, 48, 8000000, 2010, 65, 7),
(947, 48, 33000000, 2015, 18, 11),
(948, 48, 1100000, 2015, 7, 14),
(949, 48, 1200000, 2012, 52, 26),
(950, 48, 210000000, 2013, 73, 19),
(951, 48, 25000000, 2015, 37, 21),
(952, 48, 210000000, 2013, 25, 4),
(953, 48, 3100000, 2010, 73, 15),
(954, 48, 200000000, 2011, 5, 25),
(955, 48, 10000000, 2011, 66, 16),
(956, 48, 15000000, 2015, 67, 17),
(957, 48, 300000000, 2011, 47, 2),
(958, 48, 45000000, 2012, 12, 9),
(959, 48, 40000000, 2010, 43, 15),
(960, 48, 260000000, 2013, 66, 5),
(961, 49, 27000000, 2014, 26, 13),
(962, 49, 250000000, 2015, 71, 10),
(963, 49, 260000000, 2013, 14, 14),
(964, 49, 170000000, 2010, 45, 20),
(965, 49, 2100000, 2014, 2, 10),
(966, 49, 39000000, 2010, 80, 27),
(967, 49, 60000000, 2014, 22, 26),
(968, 49, 4000000, 2011, 78, 18),
(969, 49, 130000000, 2011, 8, 23),
(970, 49, 1900000, 2014, 59, 24),
(971, 49, 1000000, 2011, 19, 3),
(972, 49, 4000000, 2010, 70, 16),
(973, 49, 19000000, 2015, 4, 23),
(974, 49, 80000000, 2011, 42, 13),
(975, 49, 70000000, 2014, 26, 19),
(976, 49, 1100000, 2013, 1, 2),
(977, 49, 32000000, 2015, 53, 10),
(978, 49, 23000000, 2013, 19, 26),
(979, 49, 2000000, 2013, 28, 14),
(980, 49, 3100000, 2010, 73, 6),
(981, 50, 300000, 2012, 52, 16),
(982, 50, 70000000, 2013, 58, 17),
(983, 50, 14000000, 2015, 24, 6),
(984, 50, 10000000, 2014, 51, 25),
(985, 50, 44000000, 2010, 28, 1),
(986, 50, 44000000, 2013, 19, 22),
(987, 50, 2300000, 2010, 27, 26),
(988, 50, 4200000, 2010, 16, 26),
(989, 50, 3300000, 2014, 18, 20),
(990, 50, 2400000, 2014, 23, 4),
(991, 50, 24000000, 2011, 6, 22),
(992, 50, 41000000, 2015, 68, 23),
(993, 50, 420000000, 2014, 42, 27),
(994, 50, 4500000, 2012, 71, 11),
(995, 50, 4400000, 2011, 70, 3),
(996, 50, 39000000, 2012, 3, 1),
(997, 50, 350000000, 2013, 33, 24),
(998, 50, 240000000, 2012, 39, 2),
(999, 50, 320000000, 2013, 38, 25),
(1000, 50, 100000000, 2012, 13, 5),
(1001, 51, 10000000, 2015, 69, 4),
(1002, 51, 1700000, 2014, 12, 20),
(1003, 51, 130000000, 2011, 31, 13),
(1004, 51, 2100000, 2010, 8, 6),
(1005, 51, 40000000, 2015, 51, 27),
(1006, 51, 200000000, 2013, 66, 26),
(1007, 51, 210000000, 2010, 31, 23),
(1008, 51, 600000, 2014, 79, 14),
(1009, 51, 700000, 2012, 28, 1),
(1010, 51, 8000000, 2012, 82, 18),
(1011, 51, 29000000, 2015, 31, 3),
(1012, 51, 100000000, 2012, 64, 1),
(1013, 51, 20000000, 2013, 65, 10),
(1014, 51, 28000000, 2010, 15, 14),
(1015, 51, 1000000, 2010, 80, 7),
(1016, 51, 700000, 2011, 49, 3),
(1017, 51, 44000000, 2012, 63, 8),
(1018, 51, 2000000, 2012, 27, 17),
(1019, 51, 30000000, 2015, 19, 23),
(1020, 51, 4200000, 2014, 30, 2),
(1021, 52, 450000000, 2010, 62, 6),
(1022, 52, 40000000, 2013, 69, 1),
(1023, 52, 10000000, 2013, 49, 15),
(1024, 52, 40000000, 2011, 4, 14),
(1025, 52, 3600000, 2015, 74, 6),
(1026, 52, 7000000, 2011, 8, 14),
(1027, 52, 300000000, 2014, 26, 6),
(1028, 52, 190000000, 2010, 15, 18),
(1029, 52, 24000000, 2010, 45, 26),
(1030, 52, 6000000, 2014, 29, 11),
(1031, 52, 230000000, 2012, 66, 14),
(1032, 52, 90000000, 2011, 33, 17),
(1033, 52, 340000000, 2010, 27, 24),
(1034, 52, 19000000, 2010, 77, 2),
(1035, 52, 40000000, 2010, 33, 13),
(1036, 52, 310000000, 2010, 44, 7),
(1037, 52, 20000000, 2015, 74, 27),
(1038, 52, 140000000, 2013, 3, 3),
(1039, 52, 3700000, 2012, 58, 22),
(1040, 52, 160000000, 2010, 64, 27),
(1041, 53, 1600000, 2010, 15, 18),
(1042, 53, 200000000, 2012, 61, 19),
(1043, 53, 3100000, 2013, 7, 12),
(1044, 53, 2800000, 2015, 27, 9),
(1045, 53, 1400000, 2015, 3, 20),
(1046, 53, 2400000, 2013, 42, 7),
(1047, 53, 20000000, 2015, 71, 26),
(1048, 53, 35000000, 2010, 78, 19),
(1049, 53, 3000000, 2015, 14, 15),
(1050, 53, 450000000, 2015, 79, 21),
(1051, 53, 16000000, 2015, 5, 4),
(1052, 53, 330000000, 2014, 5, 23),
(1053, 53, 2000000, 2013, 50, 5),
(1054, 53, 38000000, 2011, 77, 6),
(1055, 53, 3800000, 2011, 49, 23),
(1056, 53, 35000000, 2012, 73, 5),
(1057, 53, 34000000, 2014, 10, 2),
(1058, 53, 40000000, 2014, 5, 25),
(1059, 53, 300000000, 2012, 81, 16),
(1060, 53, 170000000, 2014, 18, 26),
(1061, 54, 2000000, 2013, 18, 21),
(1062, 54, 6000000, 2014, 44, 21),
(1063, 54, 2700000, 2011, 50, 2),
(1064, 54, 38000000, 2013, 10, 2),
(1065, 54, 22000000, 2014, 73, 21),
(1066, 54, 200000, 2012, 79, 24),
(1067, 54, 2300000, 2014, 45, 3),
(1068, 54, 31000000, 2012, 63, 13),
(1069, 54, 410000000, 2014, 60, 4),
(1070, 54, 1700000, 2015, 41, 22),
(1071, 54, 24000000, 2010, 35, 18),
(1072, 54, 29000000, 2010, 3, 20),
(1073, 54, 37000000, 2013, 6, 17),
(1074, 54, 15000000, 2011, 34, 25),
(1075, 54, 18000000, 2011, 17, 21),
(1076, 54, 2700000, 2014, 64, 4),
(1077, 54, 31000000, 2015, 64, 1),
(1078, 54, 39000000, 2013, 33, 3),
(1079, 54, 9000000, 2013, 8, 9),
(1080, 54, 200000, 2012, 4, 25),
(1081, 55, 1300000, 2014, 16, 15),
(1082, 55, 90000000, 2014, 22, 15),
(1083, 55, 230000000, 2013, 12, 13),
(1084, 55, 4000000, 2013, 73, 18),
(1085, 55, 3900000, 2014, 71, 27),
(1086, 55, 30000000, 2010, 36, 25),
(1087, 55, 330000000, 2015, 14, 26),
(1088, 55, 280000000, 2013, 3, 12),
(1089, 55, 4400000, 2013, 69, 24),
(1090, 55, 320000000, 2012, 82, 10),
(1091, 55, 7000000, 2013, 74, 1),
(1092, 55, 3700000, 2013, 48, 17),
(1093, 55, 100000, 2015, 40, 24),
(1094, 55, 3000000, 2014, 60, 4),
(1095, 55, 4200000, 2010, 50, 16),
(1096, 55, 34000000, 2011, 19, 7),
(1097, 55, 1500000, 2010, 41, 8),
(1098, 55, 6000000, 2014, 54, 15),
(1099, 55, 29000000, 2012, 2, 11),
(1100, 55, 120000000, 2014, 80, 11),
(1101, 56, 230000000, 2013, 51, 1),
(1102, 56, 30000000, 2013, 18, 21),
(1103, 56, 180000000, 2012, 31, 7),
(1104, 56, 1900000, 2014, 11, 1),
(1105, 56, 4000000, 2015, 7, 5),
(1106, 56, 24000000, 2010, 27, 10),
(1107, 56, 4000000, 2012, 37, 24),
(1108, 56, 36000000, 2011, 17, 14),
(1109, 56, 1700000, 2012, 76, 18),
(1110, 56, 90000000, 2013, 10, 18),
(1111, 56, 240000000, 2015, 81, 10),
(1112, 56, 10000000, 2015, 9, 18),
(1113, 56, 410000000, 2015, 33, 18),
(1114, 56, 340000000, 2013, 78, 16),
(1115, 56, 900000, 2014, 49, 12),
(1116, 56, 44000000, 2011, 71, 27),
(1117, 56, 250000000, 2014, 55, 20),
(1118, 56, 16000000, 2010, 77, 6),
(1119, 56, 430000000, 2015, 47, 15),
(1120, 56, 6000000, 2013, 66, 24),
(1121, 57, 40000000, 2010, 35, 10),
(1122, 57, 9000000, 2015, 70, 7),
(1123, 57, 4000000, 2012, 22, 26),
(1124, 57, 28000000, 2010, 79, 7),
(1125, 57, 35000000, 2011, 40, 14),
(1126, 57, 3600000, 2012, 77, 9),
(1127, 57, 160000000, 2012, 13, 20),
(1128, 57, 2600000, 2015, 3, 23),
(1129, 57, 9000000, 2010, 39, 19),
(1130, 57, 28000000, 2014, 78, 10),
(1131, 57, 1800000, 2010, 20, 26),
(1132, 57, 300000, 2013, 1, 4),
(1133, 57, 500000, 2014, 33, 22),
(1134, 57, 290000000, 2015, 28, 25),
(1135, 57, 14000000, 2010, 39, 9),
(1136, 57, 400000000, 2015, 74, 9),
(1137, 57, 15000000, 2014, 8, 6),
(1138, 57, 220000000, 2015, 41, 23),
(1139, 57, 2500000, 2014, 26, 17),
(1140, 57, 130000000, 2011, 25, 19),
(1141, 58, 37000000, 2014, 22, 7),
(1142, 58, 350000000, 2010, 69, 17),
(1143, 58, 10000000, 2010, 72, 3),
(1144, 58, 280000000, 2013, 32, 1),
(1145, 58, 34000000, 2014, 67, 10),
(1146, 58, 5000000, 2014, 67, 15),
(1147, 58, 1300000, 2015, 43, 27),
(1148, 58, 1100000, 2015, 38, 10),
(1149, 58, 240000000, 2013, 25, 25),
(1150, 58, 1500000, 2011, 60, 3),
(1151, 58, 19000000, 2011, 39, 22),
(1152, 58, 4200000, 2015, 63, 1),
(1153, 58, 500000, 2014, 62, 9),
(1154, 58, 27000000, 2012, 79, 11),
(1155, 58, 160000000, 2010, 56, 14),
(1156, 58, 2300000, 2011, 7, 2),
(1157, 58, 3100000, 2010, 38, 2),
(1158, 58, 120000000, 2010, 76, 24),
(1159, 58, 1600000, 2010, 77, 23),
(1160, 58, 12000000, 2014, 27, 12),
(1161, 59, 3000000, 2015, 81, 17),
(1162, 59, 370000000, 2010, 78, 8),
(1163, 59, 44000000, 2012, 19, 6),
(1164, 59, 100000000, 2010, 47, 9),
(1165, 59, 3700000, 2015, 46, 3),
(1166, 59, 4100000, 2011, 78, 16),
(1167, 59, 1100000, 2010, 11, 1),
(1168, 59, 360000000, 2015, 3, 23),
(1169, 59, 44000000, 2014, 77, 27),
(1170, 59, 220000000, 2011, 9, 12),
(1171, 59, 200000, 2014, 25, 13),
(1172, 59, 45000000, 2015, 1, 12),
(1173, 59, 4100000, 2012, 40, 24),
(1174, 59, 350000000, 2014, 8, 25),
(1175, 59, 430000000, 2010, 4, 21),
(1176, 59, 160000000, 2015, 62, 2),
(1177, 59, 18000000, 2014, 80, 15),
(1178, 59, 70000000, 2015, 2, 20),
(1179, 59, 2800000, 2015, 17, 23),
(1180, 59, 26000000, 2013, 15, 1),
(1181, 60, 26000000, 2012, 76, 1),
(1182, 60, 1200000, 2014, 57, 21),
(1183, 60, 13000000, 2012, 11, 19),
(1184, 60, 30000000, 2015, 41, 6),
(1185, 60, 1500000, 2014, 78, 24),
(1186, 60, 2100000, 2012, 45, 18),
(1187, 60, 400000, 2011, 12, 24),
(1188, 60, 31000000, 2012, 25, 11),
(1189, 60, 24000000, 2010, 43, 14),
(1190, 60, 180000000, 2011, 32, 9),
(1191, 60, 140000000, 2013, 5, 12),
(1192, 60, 4400000, 2012, 23, 15),
(1193, 60, 21000000, 2010, 59, 16),
(1194, 60, 28000000, 2010, 6, 19),
(1195, 60, 10000000, 2015, 26, 26),
(1196, 60, 40000000, 2010, 13, 16),
(1197, 60, 25000000, 2014, 10, 4),
(1198, 60, 15000000, 2011, 41, 8),
(1199, 60, 800000, 2011, 51, 9),
(1200, 60, 34000000, 2014, 50, 14),
(1201, 61, 20000000, 2013, 56, 25),
(1202, 61, 1900000, 2010, 8, 19),
(1203, 61, 16000000, 2014, 58, 14),
(1204, 61, 39000000, 2015, 59, 27),
(1205, 61, 1600000, 2013, 44, 22),
(1206, 61, 2000000, 2013, 79, 5),
(1207, 61, 20000000, 2015, 2, 17),
(1208, 61, 1300000, 2014, 27, 20),
(1209, 61, 700000, 2012, 41, 1),
(1210, 61, 26000000, 2013, 7, 15),
(1211, 61, 45000000, 2011, 77, 1),
(1212, 61, 1600000, 2014, 62, 3),
(1213, 61, 1700000, 2012, 63, 1),
(1214, 61, 1000000, 2015, 20, 14),
(1215, 61, 200000, 2011, 32, 20),
(1216, 61, 280000000, 2012, 37, 3),
(1217, 61, 2000000, 2013, 72, 24),
(1218, 61, 4200000, 2013, 65, 18),
(1219, 61, 3600000, 2015, 51, 6),
(1220, 61, 500000, 2012, 68, 12),
(1221, 62, 60000000, 2012, 7, 1),
(1222, 62, 1400000, 2015, 15, 27),
(1223, 62, 430000000, 2010, 17, 4),
(1224, 62, 80000000, 2010, 29, 7),
(1225, 62, 300000000, 2015, 18, 21),
(1226, 62, 11000000, 2012, 40, 16),
(1227, 62, 44000000, 2012, 76, 6),
(1228, 62, 33000000, 2010, 77, 11),
(1229, 62, 380000000, 2013, 78, 19),
(1230, 62, 2500000, 2010, 45, 14),
(1231, 62, 12000000, 2014, 46, 16),
(1232, 62, 4300000, 2015, 50, 19),
(1233, 62, 3700000, 2015, 43, 18),
(1234, 62, 60000000, 2012, 6, 20),
(1235, 62, 21000000, 2014, 64, 12),
(1236, 62, 200000, 2013, 36, 27),
(1237, 62, 30000000, 2011, 38, 14),
(1238, 62, 45000000, 2014, 53, 2),
(1239, 62, 2200000, 2013, 4, 6),
(1240, 62, 390000000, 2012, 8, 27),
(1241, 63, 18000000, 2015, 54, 13),
(1242, 63, 29000000, 2012, 17, 19),
(1243, 63, 380000000, 2010, 80, 6),
(1244, 63, 40000000, 2012, 79, 19),
(1245, 63, 1500000, 2015, 77, 22),
(1246, 63, 1100000, 2011, 57, 3),
(1247, 63, 40000000, 2012, 5, 11),
(1248, 63, 800000, 2012, 56, 1),
(1249, 63, 170000000, 2015, 68, 26),
(1250, 63, 160000000, 2011, 19, 21),
(1251, 63, 25000000, 2015, 6, 10),
(1252, 63, 350000000, 2011, 72, 27),
(1253, 63, 260000000, 2013, 37, 1),
(1254, 63, 50000000, 2011, 37, 19),
(1255, 63, 1600000, 2014, 71, 4),
(1256, 63, 160000000, 2010, 51, 9),
(1257, 63, 37000000, 2012, 60, 6),
(1258, 63, 600000, 2013, 73, 27),
(1259, 63, 45000000, 2015, 15, 11),
(1260, 63, 9000000, 2014, 26, 24),
(1261, 64, 3400000, 2014, 65, 14),
(1262, 64, 210000000, 2014, 50, 5),
(1263, 64, 4000000, 2013, 32, 23),
(1264, 64, 40000000, 2011, 66, 17),
(1265, 64, 16000000, 2010, 75, 1),
(1266, 64, 4200000, 2015, 3, 19),
(1267, 64, 700000, 2011, 63, 8),
(1268, 64, 4100000, 2013, 35, 9),
(1269, 64, 4000000, 2012, 2, 25),
(1270, 64, 40000000, 2011, 71, 27),
(1271, 64, 35000000, 2014, 82, 1),
(1272, 64, 28000000, 2013, 68, 8),
(1273, 64, 350000000, 2013, 22, 25),
(1274, 64, 38000000, 2015, 32, 22),
(1275, 64, 430000000, 2014, 47, 5),
(1276, 64, 35000000, 2010, 35, 12),
(1277, 64, 29000000, 2010, 38, 5),
(1278, 64, 350000000, 2013, 62, 8),
(1279, 64, 38000000, 2013, 63, 23),
(1280, 64, 230000000, 2010, 56, 12),
(1281, 65, 410000000, 2012, 35, 3),
(1282, 65, 260000000, 2014, 40, 27),
(1283, 65, 3600000, 2011, 20, 1),
(1284, 65, 160000000, 2010, 45, 14),
(1285, 65, 60000000, 2011, 81, 3),
(1286, 65, 1800000, 2015, 60, 13),
(1287, 65, 3800000, 2010, 38, 15),
(1288, 65, 3800000, 2013, 49, 17),
(1289, 65, 310000000, 2014, 64, 26),
(1290, 65, 5000000, 2013, 45, 27),
(1291, 65, 13000000, 2010, 53, 21),
(1292, 65, 37000000, 2014, 9, 14),
(1293, 65, 280000000, 2010, 61, 1),
(1294, 65, 12000000, 2011, 76, 26),
(1295, 65, 350000000, 2014, 58, 26),
(1296, 65, 50000000, 2010, 36, 19),
(1297, 65, 2100000, 2015, 68, 6),
(1298, 65, 70000000, 2013, 27, 11),
(1299, 65, 34000000, 2013, 28, 2),
(1300, 65, 15000000, 2011, 14, 1),
(1301, 66, 70000000, 2011, 20, 17),
(1302, 66, 16000000, 2015, 76, 23),
(1303, 66, 2400000, 2011, 45, 6),
(1304, 66, 5000000, 2010, 14, 10),
(1305, 66, 21000000, 2014, 81, 1),
(1306, 66, 32000000, 2013, 10, 18),
(1307, 66, 21000000, 2011, 63, 1),
(1308, 66, 380000000, 2013, 65, 26),
(1309, 66, 6000000, 2013, 53, 21),
(1310, 66, 3900000, 2013, 17, 14),
(1311, 66, 4500000, 2012, 41, 21),
(1312, 66, 330000000, 2014, 1, 22),
(1313, 66, 29000000, 2012, 80, 17),
(1314, 66, 410000000, 2010, 16, 18),
(1315, 66, 35000000, 2015, 40, 17),
(1316, 66, 450000000, 2011, 61, 6),
(1317, 66, 3100000, 2014, 81, 11),
(1318, 66, 2900000, 2010, 38, 3),
(1319, 66, 3000000, 2015, 73, 25),
(1320, 66, 1300000, 2012, 3, 2),
(1321, 67, 330000000, 2012, 82, 2),
(1322, 67, 2100000, 2011, 82, 16),
(1323, 67, 1900000, 2011, 21, 2),
(1324, 67, 11000000, 2015, 48, 12),
(1325, 67, 430000000, 2012, 43, 11),
(1326, 67, 4000000, 2011, 6, 16),
(1327, 67, 10000000, 2010, 57, 15),
(1328, 67, 2500000, 2012, 29, 20),
(1329, 67, 38000000, 2013, 72, 2),
(1330, 67, 37000000, 2011, 32, 12),
(1331, 67, 1800000, 2011, 75, 20),
(1332, 67, 20000000, 2014, 17, 13),
(1333, 67, 1400000, 2013, 2, 22),
(1334, 67, 2000000, 2011, 52, 3),
(1335, 67, 70000000, 2011, 43, 26),
(1336, 67, 360000000, 2013, 48, 8),
(1337, 67, 1700000, 2012, 50, 17),
(1338, 67, 400000, 2014, 70, 25),
(1339, 67, 350000000, 2014, 81, 13),
(1340, 67, 23000000, 2010, 45, 27),
(1341, 68, 150000000, 2011, 70, 22),
(1342, 68, 300000, 2011, 67, 15),
(1343, 68, 360000000, 2012, 54, 27),
(1344, 68, 3300000, 2015, 54, 22),
(1345, 68, 2700000, 2014, 53, 25),
(1346, 68, 44000000, 2014, 53, 3),
(1347, 68, 3100000, 2014, 9, 5),
(1348, 68, 3200000, 2014, 33, 11),
(1349, 68, 300000000, 2015, 16, 10),
(1350, 68, 3000000, 2012, 66, 18),
(1351, 68, 200000, 2012, 62, 6),
(1352, 68, 2400000, 2015, 61, 13),
(1353, 68, 23000000, 2013, 73, 18),
(1354, 68, 900000, 2010, 65, 14),
(1355, 68, 4100000, 2012, 43, 14),
(1356, 68, 3100000, 2013, 6, 1),
(1357, 68, 190000000, 2011, 79, 16),
(1358, 68, 3600000, 2010, 31, 1),
(1359, 68, 32000000, 2011, 78, 15),
(1360, 68, 800000, 2010, 53, 9),
(1361, 69, 40000000, 2015, 51, 15),
(1362, 69, 2400000, 2011, 19, 6),
(1363, 69, 10000000, 2011, 25, 16),
(1364, 69, 32000000, 2014, 25, 27),
(1365, 69, 210000000, 2015, 80, 11),
(1366, 69, 8000000, 2014, 61, 9),
(1367, 69, 11000000, 2015, 29, 17),
(1368, 69, 2600000, 2015, 32, 8),
(1369, 69, 450000000, 2011, 61, 4),
(1370, 69, 160000000, 2010, 64, 1),
(1371, 69, 240000000, 2011, 4, 23),
(1372, 69, 430000000, 2012, 2, 24),
(1373, 69, 2000000, 2011, 31, 10),
(1374, 69, 270000000, 2013, 37, 15),
(1375, 69, 230000000, 2011, 52, 14),
(1376, 69, 2200000, 2010, 36, 21),
(1377, 69, 100000000, 2012, 60, 24),
(1378, 69, 370000000, 2012, 44, 10),
(1379, 69, 4500000, 2014, 20, 2),
(1380, 69, 3200000, 2015, 75, 27),
(1381, 70, 18000000, 2011, 20, 25),
(1382, 70, 260000000, 2014, 9, 1),
(1383, 70, 2900000, 2011, 39, 18),
(1384, 70, 50000000, 2013, 43, 17),
(1385, 70, 35000000, 2010, 53, 16),
(1386, 70, 200000, 2013, 46, 24),
(1387, 70, 4000000, 2015, 62, 19),
(1388, 70, 12000000, 2015, 58, 27),
(1389, 70, 70000000, 2011, 31, 3),
(1390, 70, 11000000, 2014, 41, 10),
(1391, 70, 800000, 2013, 36, 1),
(1392, 70, 19000000, 2010, 73, 24),
(1393, 70, 120000000, 2013, 21, 18),
(1394, 70, 4200000, 2010, 32, 27),
(1395, 70, 210000000, 2013, 27, 6),
(1396, 70, 13000000, 2012, 21, 5),
(1397, 70, 40000000, 2011, 48, 7),
(1398, 70, 30000000, 2015, 60, 11),
(1399, 70, 260000000, 2015, 22, 7),
(1400, 70, 170000000, 2013, 77, 8),
(1401, 71, 1200000, 2015, 46, 15),
(1402, 71, 430000000, 2011, 34, 19),
(1403, 71, 170000000, 2012, 13, 23),
(1404, 71, 420000000, 2011, 15, 20),
(1405, 71, 300000, 2011, 14, 2),
(1406, 71, 340000000, 2015, 15, 24),
(1407, 71, 60000000, 2013, 30, 27),
(1408, 71, 50000000, 2014, 81, 16),
(1409, 71, 1000000, 2010, 13, 26),
(1410, 71, 7000000, 2012, 21, 12),
(1411, 71, 28000000, 2013, 81, 15),
(1412, 71, 50000000, 2010, 41, 25),
(1413, 71, 500000, 2014, 24, 6),
(1414, 71, 42000000, 2012, 69, 16),
(1415, 71, 38000000, 2012, 7, 25),
(1416, 71, 44000000, 2010, 53, 13),
(1417, 71, 240000000, 2013, 12, 22),
(1418, 71, 27000000, 2013, 56, 20),
(1419, 71, 2000000, 2014, 70, 21),
(1420, 71, 250000000, 2010, 38, 14),
(1421, 72, 20000000, 2012, 15, 22),
(1422, 72, 250000000, 2013, 68, 9),
(1423, 72, 100000000, 2011, 27, 27),
(1424, 72, 40000000, 2015, 18, 21),
(1425, 72, 45000000, 2011, 40, 11),
(1426, 72, 4500000, 2010, 77, 18),
(1427, 72, 380000000, 2010, 30, 19),
(1428, 72, 3500000, 2012, 76, 11),
(1429, 72, 4000000, 2015, 36, 24),
(1430, 72, 7000000, 2014, 4, 16),
(1431, 72, 2100000, 2011, 53, 14),
(1432, 72, 2800000, 2010, 66, 1),
(1433, 72, 3400000, 2014, 72, 20),
(1434, 72, 50000000, 2015, 33, 11),
(1435, 72, 300000000, 2014, 25, 8),
(1436, 72, 600000, 2010, 18, 11),
(1437, 72, 160000000, 2012, 23, 14),
(1438, 72, 100000, 2010, 27, 3),
(1439, 72, 3700000, 2011, 17, 11),
(1440, 72, 90000000, 2014, 52, 2),
(1441, 73, 50000000, 2010, 34, 19),
(1442, 73, 3600000, 2015, 46, 4),
(1443, 73, 33000000, 2012, 33, 26),
(1444, 73, 300000000, 2010, 36, 10),
(1445, 73, 290000000, 2011, 44, 26),
(1446, 73, 24000000, 2013, 80, 15),
(1447, 73, 4100000, 2015, 14, 16),
(1448, 73, 1600000, 2011, 53, 25),
(1449, 73, 18000000, 2012, 47, 15),
(1450, 73, 10000000, 2010, 27, 14),
(1451, 73, 210000000, 2015, 27, 20),
(1452, 73, 1600000, 2011, 30, 15),
(1453, 73, 3400000, 2011, 55, 24),
(1454, 73, 1000000, 2012, 58, 8),
(1455, 73, 400000000, 2015, 78, 20),
(1456, 73, 250000000, 2010, 38, 5),
(1457, 73, 170000000, 2012, 58, 25),
(1458, 73, 44000000, 2012, 40, 21),
(1459, 73, 26000000, 2014, 1, 9),
(1460, 73, 430000000, 2012, 31, 14),
(1461, 74, 1100000, 2013, 33, 14),
(1462, 74, 150000000, 2012, 22, 10),
(1463, 74, 4000000, 2012, 41, 23),
(1464, 74, 340000000, 2013, 18, 25),
(1465, 74, 380000000, 2014, 48, 26),
(1466, 74, 11000000, 2013, 46, 15),
(1467, 74, 3400000, 2015, 71, 5),
(1468, 74, 4500000, 2014, 64, 16),
(1469, 74, 3100000, 2013, 70, 10),
(1470, 74, 42000000, 2012, 66, 10),
(1471, 74, 3600000, 2014, 58, 3),
(1472, 74, 2600000, 2010, 40, 9),
(1473, 74, 20000000, 2013, 34, 22),
(1474, 74, 30000000, 2013, 42, 12),
(1475, 74, 14000000, 2014, 49, 21),
(1476, 74, 800000, 2010, 17, 23),
(1477, 74, 22000000, 2015, 59, 12),
(1478, 74, 2500000, 2011, 21, 10),
(1479, 74, 50000000, 2015, 43, 11),
(1480, 74, 27000000, 2012, 1, 7),
(1481, 75, 2100000, 2012, 30, 5),
(1482, 75, 2400000, 2011, 59, 9),
(1483, 75, 100000000, 2014, 82, 16),
(1484, 75, 1900000, 2011, 23, 20),
(1485, 75, 45000000, 2011, 1, 16),
(1486, 75, 1400000, 2013, 49, 9),
(1487, 75, 180000000, 2014, 3, 3),
(1488, 75, 16000000, 2012, 40, 22),
(1489, 75, 2600000, 2013, 49, 27),
(1490, 75, 22000000, 2012, 64, 5),
(1491, 75, 160000000, 2014, 35, 6),
(1492, 75, 8000000, 2015, 60, 3),
(1493, 75, 3500000, 2010, 1, 22),
(1494, 75, 370000000, 2015, 72, 1),
(1495, 75, 23000000, 2013, 18, 4),
(1496, 75, 3200000, 2013, 19, 8),
(1497, 75, 360000000, 2013, 10, 27),
(1498, 75, 800000, 2013, 52, 6),
(1499, 75, 4000000, 2014, 1, 20),
(1500, 75, 2600000, 2014, 12, 7),
(1501, 76, 21000000, 2010, 25, 27),
(1502, 76, 3400000, 2013, 38, 21),
(1503, 76, 200000000, 2014, 32, 15),
(1504, 76, 4500000, 2011, 25, 19),
(1505, 76, 110000000, 2013, 30, 24),
(1506, 76, 380000000, 2012, 29, 12),
(1507, 76, 300000, 2011, 66, 9),
(1508, 76, 25000000, 2011, 78, 1),
(1509, 76, 42000000, 2015, 49, 21),
(1510, 76, 35000000, 2015, 80, 5),
(1511, 76, 4000000, 2012, 25, 18),
(1512, 76, 10000000, 2014, 79, 13),
(1513, 76, 440000000, 2014, 6, 3),
(1514, 76, 37000000, 2011, 7, 25),
(1515, 76, 430000000, 2013, 14, 5),
(1516, 76, 25000000, 2010, 8, 15),
(1517, 76, 400000, 2011, 39, 10),
(1518, 76, 170000000, 2011, 24, 13),
(1519, 76, 440000000, 2010, 9, 3),
(1520, 76, 3500000, 2012, 13, 9),
(1521, 77, 1000000, 2013, 44, 4),
(1522, 77, 380000000, 2010, 10, 14),
(1523, 77, 60000000, 2014, 63, 14),
(1524, 77, 4100000, 2012, 77, 25),
(1525, 77, 1200000, 2012, 10, 12),
(1526, 77, 440000000, 2013, 74, 12),
(1527, 77, 40000000, 2013, 61, 27),
(1528, 77, 200000000, 2015, 12, 11),
(1529, 77, 360000000, 2012, 29, 24),
(1530, 77, 26000000, 2014, 20, 23),
(1531, 77, 140000000, 2013, 40, 5),
(1532, 77, 43000000, 2014, 68, 3);
INSERT INTO `expense` (`id`, `person_id`, `amount`, `year`, `location_id`, `category`) VALUES
(1533, 77, 360000000, 2015, 62, 15),
(1534, 77, 280000000, 2010, 55, 25),
(1535, 77, 10000000, 2011, 30, 19),
(1536, 77, 70000000, 2014, 76, 19),
(1537, 77, 2800000, 2014, 34, 1),
(1538, 77, 200000, 2010, 35, 14),
(1539, 77, 320000000, 2011, 57, 9),
(1540, 77, 21000000, 2013, 53, 9),
(1541, 78, 140000000, 2013, 24, 18),
(1542, 78, 700000, 2013, 9, 23),
(1543, 78, 5000000, 2014, 7, 13),
(1544, 78, 2600000, 2014, 8, 11),
(1545, 78, 23000000, 2015, 11, 20),
(1546, 78, 19000000, 2010, 29, 12),
(1547, 78, 320000000, 2010, 55, 26),
(1548, 78, 380000000, 2013, 45, 5),
(1549, 78, 3000000, 2011, 36, 20),
(1550, 78, 14000000, 2011, 78, 26),
(1551, 78, 2500000, 2011, 24, 5),
(1552, 78, 2000000, 2011, 17, 26),
(1553, 78, 2000000, 2010, 13, 1),
(1554, 78, 18000000, 2014, 42, 8),
(1555, 78, 70000000, 2012, 81, 22),
(1556, 78, 38000000, 2011, 33, 16),
(1557, 78, 18000000, 2011, 20, 20),
(1558, 78, 3000000, 2010, 46, 8),
(1559, 78, 110000000, 2012, 52, 8),
(1560, 78, 1000000, 2011, 8, 20),
(1561, 79, 200000, 2010, 37, 21),
(1562, 79, 39000000, 2010, 37, 8),
(1563, 79, 4500000, 2014, 53, 6),
(1564, 79, 3100000, 2012, 47, 3),
(1565, 79, 1600000, 2012, 82, 14),
(1566, 79, 2000000, 2015, 60, 7),
(1567, 79, 160000000, 2010, 77, 2),
(1568, 79, 350000000, 2012, 80, 27),
(1569, 79, 3500000, 2010, 43, 27),
(1570, 79, 23000000, 2010, 67, 22),
(1571, 79, 3000000, 2010, 73, 1),
(1572, 79, 44000000, 2015, 41, 21),
(1573, 79, 110000000, 2015, 44, 19),
(1574, 79, 600000, 2013, 19, 26),
(1575, 79, 3400000, 2015, 34, 23),
(1576, 79, 100000000, 2011, 23, 15),
(1577, 79, 440000000, 2015, 6, 26),
(1578, 79, 28000000, 2013, 67, 2),
(1579, 79, 400000, 2011, 27, 7),
(1580, 79, 14000000, 2012, 67, 8),
(1581, 80, 200000, 2014, 42, 18),
(1582, 80, 20000000, 2013, 5, 3),
(1583, 80, 430000000, 2014, 21, 25),
(1584, 80, 800000, 2012, 33, 3),
(1585, 80, 15000000, 2010, 17, 23),
(1586, 80, 120000000, 2011, 12, 5),
(1587, 80, 2600000, 2011, 82, 12),
(1588, 80, 350000000, 2010, 45, 2),
(1589, 80, 10000000, 2015, 67, 24),
(1590, 80, 6000000, 2010, 12, 21),
(1591, 80, 13000000, 2012, 20, 16),
(1592, 80, 310000000, 2010, 53, 2),
(1593, 80, 150000000, 2014, 40, 25),
(1594, 80, 600000, 2010, 48, 8),
(1595, 80, 170000000, 2010, 65, 4),
(1596, 80, 40000000, 2012, 48, 15),
(1597, 80, 1000000, 2010, 59, 2),
(1598, 80, 4200000, 2013, 59, 25),
(1599, 80, 380000000, 2015, 33, 3),
(1600, 80, 19000000, 2014, 77, 26),
(1601, 81, 20000000, 2014, 33, 17),
(1602, 81, 1900000, 2010, 46, 11),
(1603, 81, 310000000, 2013, 19, 22),
(1604, 81, 2800000, 2014, 80, 20),
(1605, 81, 13000000, 2011, 67, 19),
(1606, 81, 39000000, 2011, 2, 6),
(1607, 81, 300000, 2011, 67, 26),
(1608, 81, 1700000, 2010, 49, 16),
(1609, 81, 180000000, 2012, 55, 9),
(1610, 81, 230000000, 2010, 70, 15),
(1611, 81, 3800000, 2015, 47, 4),
(1612, 81, 3000000, 2015, 73, 9),
(1613, 81, 15000000, 2011, 36, 5),
(1614, 81, 1400000, 2013, 19, 20),
(1615, 81, 2100000, 2015, 25, 9),
(1616, 81, 600000, 2015, 60, 9),
(1617, 81, 90000000, 2011, 27, 1),
(1618, 81, 3900000, 2015, 8, 11),
(1619, 81, 1600000, 2011, 45, 3),
(1620, 81, 5000000, 2010, 35, 19),
(1621, 82, 2300000, 2015, 10, 26),
(1622, 82, 170000000, 2015, 10, 25),
(1623, 82, 80000000, 2013, 75, 2),
(1624, 82, 2800000, 2011, 67, 20),
(1625, 82, 40000000, 2010, 18, 14),
(1626, 82, 180000000, 2012, 10, 21),
(1627, 82, 450000000, 2015, 5, 14),
(1628, 82, 1500000, 2012, 71, 10),
(1629, 82, 260000000, 2011, 57, 3),
(1630, 82, 390000000, 2015, 82, 7),
(1631, 82, 20000000, 2014, 35, 8),
(1632, 82, 24000000, 2015, 60, 8),
(1633, 82, 28000000, 2011, 50, 22),
(1634, 82, 37000000, 2010, 4, 11),
(1635, 82, 2700000, 2010, 42, 14),
(1636, 82, 36000000, 2011, 28, 6),
(1637, 82, 2000000, 2013, 6, 1),
(1638, 82, 45000000, 2015, 73, 18),
(1639, 82, 17000000, 2015, 19, 15),
(1640, 82, 200000, 2013, 46, 17),
(1641, 83, 430000000, 2014, 54, 18),
(1642, 83, 37000000, 2013, 5, 11),
(1643, 83, 450000000, 2013, 51, 25),
(1644, 83, 2100000, 2015, 68, 27),
(1645, 83, 1400000, 2014, 37, 5),
(1646, 83, 900000, 2010, 51, 7),
(1647, 83, 120000000, 2014, 73, 2),
(1648, 83, 1900000, 2013, 36, 24),
(1649, 83, 1400000, 2011, 67, 18),
(1650, 83, 400000, 2013, 34, 16),
(1651, 83, 20000000, 2014, 9, 10),
(1652, 83, 5000000, 2013, 80, 12),
(1653, 83, 15000000, 2015, 62, 18),
(1654, 83, 1100000, 2015, 6, 7),
(1655, 83, 100000000, 2011, 76, 23),
(1656, 83, 1000000, 2015, 37, 10),
(1657, 83, 1400000, 2010, 71, 14),
(1658, 83, 170000000, 2010, 40, 12),
(1659, 83, 3100000, 2013, 12, 16),
(1660, 83, 12000000, 2013, 24, 7),
(1661, 84, 260000000, 2015, 80, 2),
(1662, 84, 330000000, 2015, 58, 19),
(1663, 84, 2700000, 2015, 71, 11),
(1664, 84, 2700000, 2012, 58, 9),
(1665, 84, 9000000, 2010, 50, 12),
(1666, 84, 31000000, 2015, 45, 25),
(1667, 84, 200000, 2011, 29, 21),
(1668, 84, 18000000, 2013, 43, 17),
(1669, 84, 20000000, 2015, 10, 16),
(1670, 84, 32000000, 2010, 18, 11),
(1671, 84, 31000000, 2012, 30, 14),
(1672, 84, 220000000, 2015, 62, 2),
(1673, 84, 24000000, 2013, 15, 21),
(1674, 84, 110000000, 2012, 74, 21),
(1675, 84, 220000000, 2010, 4, 6),
(1676, 84, 5000000, 2015, 58, 27),
(1677, 84, 360000000, 2014, 51, 16),
(1678, 84, 32000000, 2015, 77, 24),
(1679, 84, 1800000, 2010, 40, 7),
(1680, 84, 30000000, 2013, 33, 20),
(1681, 85, 34000000, 2010, 57, 13),
(1682, 85, 360000000, 2010, 37, 10),
(1683, 85, 1600000, 2012, 49, 10),
(1684, 85, 39000000, 2014, 59, 14),
(1685, 85, 600000, 2011, 65, 21),
(1686, 85, 21000000, 2012, 42, 14),
(1687, 85, 4400000, 2014, 34, 19),
(1688, 85, 14000000, 2013, 36, 15),
(1689, 85, 250000000, 2013, 63, 7),
(1690, 85, 13000000, 2011, 52, 14),
(1691, 85, 2400000, 2013, 29, 7),
(1692, 85, 340000000, 2013, 80, 8),
(1693, 85, 4000000, 2015, 44, 14),
(1694, 85, 220000000, 2010, 25, 5),
(1695, 85, 3400000, 2011, 17, 20),
(1696, 85, 60000000, 2010, 71, 9),
(1697, 85, 2700000, 2011, 13, 5),
(1698, 85, 22000000, 2015, 61, 13),
(1699, 85, 18000000, 2011, 28, 18),
(1700, 85, 29000000, 2012, 56, 13),
(1701, 86, 15000000, 2014, 75, 5),
(1702, 86, 2000000, 2011, 7, 10),
(1703, 86, 40000000, 2011, 25, 14),
(1704, 86, 340000000, 2012, 48, 18),
(1705, 86, 260000000, 2013, 28, 17),
(1706, 86, 3400000, 2014, 67, 6),
(1707, 86, 1000000, 2010, 71, 1),
(1708, 86, 2200000, 2014, 21, 7),
(1709, 86, 2800000, 2013, 64, 12),
(1710, 86, 33000000, 2014, 33, 19),
(1711, 86, 36000000, 2015, 28, 14),
(1712, 86, 34000000, 2014, 12, 21),
(1713, 86, 3000000, 2010, 20, 19),
(1714, 86, 4000000, 2010, 28, 10),
(1715, 86, 90000000, 2010, 72, 3),
(1716, 86, 390000000, 2014, 2, 3),
(1717, 86, 3200000, 2013, 66, 1),
(1718, 86, 7000000, 2014, 44, 7),
(1719, 86, 280000000, 2010, 5, 19),
(1720, 86, 100000, 2012, 41, 19),
(1721, 87, 4100000, 2012, 60, 5),
(1722, 87, 1300000, 2015, 72, 6),
(1723, 87, 300000, 2015, 28, 17),
(1724, 87, 44000000, 2015, 4, 21),
(1725, 87, 32000000, 2012, 15, 26),
(1726, 87, 13000000, 2012, 48, 15),
(1727, 87, 400000, 2010, 36, 4),
(1728, 87, 270000000, 2010, 19, 14),
(1729, 87, 250000000, 2012, 71, 22),
(1730, 87, 2800000, 2012, 48, 3),
(1731, 87, 300000000, 2010, 2, 3),
(1732, 87, 1800000, 2015, 67, 11),
(1733, 87, 12000000, 2015, 20, 2),
(1734, 87, 2000000, 2010, 77, 12),
(1735, 87, 260000000, 2012, 44, 1),
(1736, 87, 180000000, 2011, 23, 16),
(1737, 87, 2000000, 2011, 22, 26),
(1738, 87, 30000000, 2013, 46, 22),
(1739, 87, 24000000, 2015, 35, 3),
(1740, 87, 2400000, 2015, 19, 16),
(1741, 88, 270000000, 2015, 49, 26),
(1742, 88, 1300000, 2010, 64, 7),
(1743, 88, 2300000, 2013, 38, 11),
(1744, 88, 27000000, 2011, 16, 2),
(1745, 88, 11000000, 2011, 35, 5),
(1746, 88, 2700000, 2015, 11, 17),
(1747, 88, 290000000, 2013, 53, 12),
(1748, 88, 210000000, 2010, 44, 8),
(1749, 88, 30000000, 2014, 53, 2),
(1750, 88, 220000000, 2014, 45, 6),
(1751, 88, 43000000, 2011, 12, 16),
(1752, 88, 33000000, 2015, 64, 7),
(1753, 88, 3000000, 2012, 38, 11),
(1754, 88, 2500000, 2013, 20, 9),
(1755, 88, 2800000, 2011, 32, 5),
(1756, 88, 150000000, 2013, 73, 27),
(1757, 88, 5000000, 2012, 71, 3),
(1758, 88, 3100000, 2012, 59, 24),
(1759, 88, 24000000, 2012, 19, 4),
(1760, 88, 90000000, 2014, 57, 23),
(1761, 89, 4500000, 2014, 57, 18),
(1762, 89, 700000, 2010, 48, 10),
(1763, 89, 210000000, 2011, 82, 24),
(1764, 89, 450000000, 2014, 31, 22),
(1765, 89, 3500000, 2013, 65, 8),
(1766, 89, 31000000, 2012, 78, 17),
(1767, 89, 36000000, 2015, 29, 9),
(1768, 89, 3700000, 2012, 59, 2),
(1769, 89, 10000000, 2012, 19, 17),
(1770, 89, 2300000, 2014, 21, 24),
(1771, 89, 4100000, 2010, 57, 14),
(1772, 89, 180000000, 2010, 66, 15),
(1773, 89, 29000000, 2011, 1, 1),
(1774, 89, 3000000, 2015, 32, 9),
(1775, 89, 38000000, 2015, 72, 25),
(1776, 89, 370000000, 2011, 46, 20),
(1777, 89, 12000000, 2013, 12, 7),
(1778, 89, 41000000, 2013, 66, 10),
(1779, 89, 170000000, 2013, 60, 16),
(1780, 89, 1800000, 2013, 40, 21),
(1781, 90, 430000000, 2013, 36, 3),
(1782, 90, 6000000, 2010, 38, 27),
(1783, 90, 3900000, 2015, 43, 1),
(1784, 90, 30000000, 2013, 73, 16),
(1785, 90, 3000000, 2013, 30, 1),
(1786, 90, 22000000, 2013, 23, 21),
(1787, 90, 12000000, 2012, 77, 20),
(1788, 90, 130000000, 2011, 42, 11),
(1789, 90, 1000000, 2011, 31, 16),
(1790, 90, 20000000, 2010, 28, 6),
(1791, 90, 2500000, 2013, 80, 2),
(1792, 90, 2000000, 2015, 44, 2),
(1793, 90, 3200000, 2012, 67, 25),
(1794, 90, 4000000, 2011, 35, 3),
(1795, 90, 2200000, 2012, 81, 1),
(1796, 90, 2600000, 2012, 51, 23),
(1797, 90, 310000000, 2014, 14, 23),
(1798, 90, 290000000, 2011, 52, 18),
(1799, 90, 210000000, 2015, 50, 6),
(1800, 90, 130000000, 2010, 3, 17),
(1801, 91, 2300000, 2011, 60, 13),
(1802, 91, 90000000, 2014, 9, 15),
(1803, 91, 200000, 2015, 34, 25),
(1804, 91, 3500000, 2015, 20, 9),
(1805, 91, 400000, 2013, 26, 27),
(1806, 91, 1300000, 2013, 54, 21),
(1807, 91, 41000000, 2013, 2, 9),
(1808, 91, 11000000, 2013, 21, 2),
(1809, 91, 80000000, 2015, 60, 15),
(1810, 91, 9000000, 2012, 56, 9),
(1811, 91, 2900000, 2012, 48, 10),
(1812, 91, 4500000, 2014, 64, 20),
(1813, 91, 4400000, 2011, 51, 22),
(1814, 91, 39000000, 2012, 64, 1),
(1815, 91, 150000000, 2013, 55, 27),
(1816, 91, 130000000, 2013, 22, 4),
(1817, 91, 32000000, 2014, 72, 2),
(1818, 91, 31000000, 2012, 77, 11),
(1819, 91, 200000, 2012, 53, 27),
(1820, 91, 420000000, 2011, 13, 2),
(1821, 92, 6000000, 2014, 19, 6),
(1822, 92, 2400000, 2014, 24, 9),
(1823, 92, 450000000, 2013, 39, 7),
(1824, 92, 700000, 2010, 43, 12),
(1825, 92, 190000000, 2012, 28, 22),
(1826, 92, 420000000, 2014, 74, 13),
(1827, 92, 4200000, 2013, 12, 18),
(1828, 92, 29000000, 2015, 72, 1),
(1829, 92, 450000000, 2010, 35, 23),
(1830, 92, 26000000, 2013, 18, 19),
(1831, 92, 280000000, 2014, 11, 5),
(1832, 92, 38000000, 2010, 30, 6),
(1833, 92, 420000000, 2010, 35, 11),
(1834, 92, 260000000, 2013, 27, 12),
(1835, 92, 2800000, 2012, 59, 7),
(1836, 92, 23000000, 2015, 82, 12),
(1837, 92, 210000000, 2013, 3, 14),
(1838, 92, 400000, 2012, 82, 3),
(1839, 92, 19000000, 2010, 5, 9),
(1840, 92, 3200000, 2014, 77, 9),
(1841, 93, 100000000, 2010, 35, 23),
(1842, 93, 30000000, 2013, 69, 15),
(1843, 93, 30000000, 2012, 3, 16),
(1844, 93, 2300000, 2014, 45, 6),
(1845, 93, 43000000, 2010, 42, 22),
(1846, 93, 3700000, 2010, 59, 7),
(1847, 93, 38000000, 2014, 18, 3),
(1848, 93, 410000000, 2011, 47, 8),
(1849, 93, 1400000, 2010, 31, 18),
(1850, 93, 70000000, 2014, 68, 22),
(1851, 93, 2000000, 2014, 75, 17),
(1852, 93, 210000000, 2015, 10, 1),
(1853, 93, 1300000, 2010, 16, 1),
(1854, 93, 1400000, 2014, 75, 19),
(1855, 93, 44000000, 2015, 27, 23),
(1856, 93, 3200000, 2010, 66, 14),
(1857, 93, 2900000, 2015, 55, 22),
(1858, 93, 400000000, 2014, 42, 8),
(1859, 93, 400000, 2015, 80, 14),
(1860, 93, 100000000, 2012, 22, 2),
(1861, 94, 700000, 2014, 76, 3),
(1862, 94, 33000000, 2014, 25, 24),
(1863, 94, 25000000, 2014, 31, 24),
(1864, 94, 41000000, 2012, 58, 7),
(1865, 94, 50000000, 2014, 65, 12),
(1866, 94, 400000, 2011, 17, 10),
(1867, 94, 19000000, 2012, 12, 15),
(1868, 94, 18000000, 2010, 81, 18),
(1869, 94, 2500000, 2013, 66, 10),
(1870, 94, 37000000, 2010, 74, 16),
(1871, 94, 25000000, 2012, 82, 25),
(1872, 94, 1200000, 2011, 42, 26),
(1873, 94, 3200000, 2015, 63, 23),
(1874, 94, 26000000, 2013, 5, 17),
(1875, 94, 21000000, 2012, 43, 18),
(1876, 94, 440000000, 2013, 78, 24),
(1877, 94, 3600000, 2010, 75, 8),
(1878, 94, 1700000, 2014, 51, 11),
(1879, 94, 400000, 2015, 65, 7),
(1880, 94, 18000000, 2012, 76, 26),
(1881, 95, 160000000, 2015, 44, 6),
(1882, 95, 42000000, 2013, 60, 14),
(1883, 95, 31000000, 2014, 48, 10),
(1884, 95, 430000000, 2014, 12, 26),
(1885, 95, 200000, 2014, 46, 8),
(1886, 95, 1700000, 2012, 40, 1),
(1887, 95, 20000000, 2010, 74, 21),
(1888, 95, 29000000, 2012, 35, 5),
(1889, 95, 900000, 2012, 20, 18),
(1890, 95, 120000000, 2015, 12, 3),
(1891, 95, 210000000, 2010, 2, 22),
(1892, 95, 13000000, 2012, 33, 12),
(1893, 95, 3700000, 2011, 76, 11),
(1894, 95, 5000000, 2014, 17, 6),
(1895, 95, 380000000, 2010, 13, 7),
(1896, 95, 400000, 2014, 40, 15),
(1897, 95, 400000000, 2015, 36, 14),
(1898, 95, 900000, 2014, 51, 8),
(1899, 95, 30000000, 2011, 48, 16),
(1900, 95, 37000000, 2011, 62, 15),
(1901, 96, 170000000, 2012, 61, 25),
(1902, 96, 1500000, 2011, 19, 26),
(1903, 96, 310000000, 2015, 15, 14),
(1904, 96, 40000000, 2010, 43, 12),
(1905, 96, 260000000, 2012, 30, 20),
(1906, 96, 38000000, 2012, 57, 17),
(1907, 96, 280000000, 2013, 51, 10),
(1908, 96, 41000000, 2012, 49, 5),
(1909, 96, 150000000, 2010, 74, 8),
(1910, 96, 310000000, 2014, 31, 5),
(1911, 96, 410000000, 2010, 35, 21),
(1912, 96, 340000000, 2015, 23, 27),
(1913, 96, 440000000, 2012, 6, 21),
(1914, 96, 26000000, 2013, 17, 11),
(1915, 96, 4400000, 2012, 70, 5),
(1916, 96, 190000000, 2011, 14, 7),
(1917, 96, 3700000, 2015, 24, 22),
(1918, 96, 50000000, 2012, 5, 6),
(1919, 96, 420000000, 2013, 63, 14),
(1920, 96, 2000000, 2015, 54, 18),
(1921, 97, 8000000, 2015, 5, 27),
(1922, 97, 3900000, 2012, 50, 14),
(1923, 97, 410000000, 2015, 30, 17),
(1924, 97, 9000000, 2013, 25, 24),
(1925, 97, 340000000, 2014, 61, 1),
(1926, 97, 2000000, 2011, 66, 7),
(1927, 97, 7000000, 2014, 8, 4),
(1928, 97, 22000000, 2013, 47, 10),
(1929, 97, 450000000, 2012, 36, 21),
(1930, 97, 350000000, 2012, 44, 3),
(1931, 97, 45000000, 2012, 12, 19),
(1932, 97, 1200000, 2011, 39, 21),
(1933, 97, 100000, 2013, 70, 20),
(1934, 97, 2600000, 2015, 33, 8),
(1935, 97, 4100000, 2012, 80, 21),
(1936, 97, 18000000, 2010, 61, 22),
(1937, 97, 3400000, 2015, 10, 2),
(1938, 97, 18000000, 2015, 32, 17),
(1939, 97, 3100000, 2015, 46, 18),
(1940, 97, 5000000, 2010, 26, 1),
(1941, 98, 4400000, 2011, 40, 12),
(1942, 98, 13000000, 2014, 2, 11),
(1943, 98, 18000000, 2013, 57, 11),
(1944, 98, 2200000, 2013, 16, 9),
(1945, 98, 34000000, 2011, 50, 20),
(1946, 98, 250000000, 2012, 40, 4),
(1947, 98, 1400000, 2015, 57, 1),
(1948, 98, 220000000, 2015, 34, 6),
(1949, 98, 22000000, 2013, 3, 27),
(1950, 98, 4000000, 2014, 30, 27),
(1951, 98, 230000000, 2014, 71, 6),
(1952, 98, 240000000, 2014, 45, 3),
(1953, 98, 12000000, 2013, 77, 5),
(1954, 98, 1100000, 2013, 70, 17),
(1955, 98, 150000000, 2014, 57, 23),
(1956, 98, 220000000, 2012, 66, 21),
(1957, 98, 400000000, 2011, 82, 27),
(1958, 98, 440000000, 2014, 40, 21),
(1959, 98, 28000000, 2011, 16, 19),
(1960, 98, 450000000, 2015, 21, 1),
(1961, 99, 600000, 2010, 64, 27),
(1962, 99, 320000000, 2011, 58, 2),
(1963, 99, 1800000, 2011, 9, 9),
(1964, 99, 2000000, 2013, 30, 20),
(1965, 99, 14000000, 2015, 51, 18),
(1966, 99, 160000000, 2014, 10, 18),
(1967, 99, 2900000, 2011, 44, 26),
(1968, 99, 170000000, 2014, 48, 18),
(1969, 99, 28000000, 2015, 51, 21),
(1970, 99, 1700000, 2010, 66, 27),
(1971, 99, 29000000, 2010, 39, 27),
(1972, 99, 110000000, 2010, 50, 3),
(1973, 99, 450000000, 2013, 57, 22),
(1974, 99, 260000000, 2015, 77, 17),
(1975, 99, 4500000, 2013, 2, 19),
(1976, 99, 35000000, 2011, 75, 12),
(1977, 99, 12000000, 2012, 72, 8),
(1978, 99, 4000000, 2011, 14, 9),
(1979, 99, 1100000, 2015, 42, 4),
(1980, 99, 2900000, 2014, 59, 3),
(1981, 100, 2500000, 2010, 9, 9),
(1982, 100, 2500000, 2013, 60, 6),
(1983, 100, 3800000, 2013, 45, 19),
(1984, 100, 33000000, 2012, 54, 26),
(1985, 100, 230000000, 2015, 67, 2),
(1986, 100, 36000000, 2012, 11, 19),
(1987, 100, 4400000, 2015, 40, 21),
(1988, 100, 90000000, 2011, 36, 13),
(1989, 100, 44000000, 2010, 2, 7),
(1990, 100, 800000, 2015, 31, 18),
(1991, 100, 4000000, 2011, 18, 13),
(1992, 100, 2000000, 2011, 25, 9),
(1993, 100, 320000000, 2013, 8, 27),
(1994, 100, 22000000, 2011, 63, 13),
(1995, 100, 100000000, 2014, 44, 1),
(1996, 100, 25000000, 2012, 58, 19),
(1997, 100, 430000000, 2014, 52, 10),
(1998, 100, 390000000, 2013, 71, 10),
(1999, 100, 2400000, 2013, 33, 10),
(2000, 100, 1800000, 2011, 41, 15),
(2001, 101, 200000000, 2013, 80, 22),
(2002, 101, 23000000, 2015, 54, 21),
(2003, 101, 2000000, 2014, 31, 25),
(2004, 101, 420000000, 2015, 32, 12),
(2005, 101, 41000000, 2015, 57, 14),
(2006, 101, 700000, 2013, 34, 19),
(2007, 101, 1300000, 2014, 63, 20),
(2008, 101, 3700000, 2015, 73, 6),
(2009, 101, 320000000, 2012, 21, 7),
(2010, 101, 37000000, 2010, 16, 23),
(2011, 101, 43000000, 2013, 37, 2),
(2012, 101, 38000000, 2013, 28, 9),
(2013, 101, 15000000, 2015, 29, 20),
(2014, 101, 120000000, 2011, 81, 19),
(2015, 101, 300000, 2011, 44, 9),
(2016, 101, 440000000, 2015, 63, 23),
(2017, 101, 170000000, 2013, 11, 5),
(2018, 101, 230000000, 2011, 40, 1),
(2019, 101, 290000000, 2013, 82, 5),
(2020, 101, 44000000, 2013, 27, 10),
(2021, 102, 2000000, 2015, 81, 23),
(2022, 102, 33000000, 2013, 62, 8),
(2023, 102, 2800000, 2014, 79, 13),
(2024, 102, 1000000, 2010, 22, 12),
(2025, 102, 200000000, 2010, 11, 27),
(2026, 102, 16000000, 2015, 44, 24),
(2027, 102, 44000000, 2010, 8, 14),
(2028, 102, 430000000, 2010, 80, 5),
(2029, 102, 4200000, 2014, 29, 13),
(2030, 102, 1500000, 2014, 54, 17),
(2031, 102, 3400000, 2014, 22, 23),
(2032, 102, 39000000, 2014, 63, 16),
(2033, 102, 90000000, 2014, 9, 15),
(2034, 102, 6000000, 2010, 3, 21),
(2035, 102, 43000000, 2012, 16, 4),
(2036, 102, 90000000, 2014, 17, 8),
(2037, 102, 17000000, 2010, 76, 3),
(2038, 102, 25000000, 2014, 55, 18),
(2039, 102, 400000, 2012, 25, 1),
(2040, 102, 220000000, 2010, 51, 3),
(2041, 103, 37000000, 2015, 20, 26),
(2042, 103, 3500000, 2010, 2, 27),
(2043, 103, 34000000, 2015, 55, 9),
(2044, 103, 430000000, 2015, 17, 11),
(2045, 103, 9000000, 2013, 39, 12),
(2046, 103, 400000, 2010, 75, 9),
(2047, 103, 140000000, 2014, 11, 4),
(2048, 103, 190000000, 2014, 54, 12),
(2049, 103, 190000000, 2014, 48, 9),
(2050, 103, 17000000, 2014, 72, 13),
(2051, 103, 42000000, 2014, 8, 19),
(2052, 103, 34000000, 2012, 69, 21),
(2053, 103, 240000000, 2012, 49, 17),
(2054, 103, 23000000, 2013, 36, 26),
(2055, 103, 29000000, 2013, 30, 6),
(2056, 103, 14000000, 2011, 14, 9),
(2057, 103, 1200000, 2013, 61, 9),
(2058, 103, 22000000, 2011, 79, 27),
(2059, 103, 12000000, 2015, 20, 15),
(2060, 103, 29000000, 2014, 59, 19),
(2061, 104, 1800000, 2010, 79, 3),
(2062, 104, 260000000, 2015, 67, 3),
(2063, 104, 70000000, 2012, 37, 17),
(2064, 104, 300000000, 2010, 26, 5),
(2065, 104, 30000000, 2014, 73, 3),
(2066, 104, 27000000, 2015, 30, 26),
(2067, 104, 150000000, 2012, 56, 13),
(2068, 104, 800000, 2014, 37, 16),
(2069, 104, 37000000, 2014, 26, 3),
(2070, 104, 360000000, 2012, 60, 1),
(2071, 104, 4100000, 2010, 82, 14),
(2072, 104, 60000000, 2012, 4, 1),
(2073, 104, 18000000, 2015, 51, 17),
(2074, 104, 900000, 2013, 40, 2),
(2075, 104, 18000000, 2013, 58, 12),
(2076, 104, 440000000, 2013, 6, 23),
(2077, 104, 400000, 2011, 23, 13),
(2078, 104, 1700000, 2010, 2, 23),
(2079, 104, 3000000, 2010, 37, 23),
(2080, 104, 310000000, 2013, 15, 23),
(2081, 105, 250000000, 2010, 14, 23),
(2082, 105, 44000000, 2015, 31, 17),
(2083, 105, 30000000, 2014, 49, 1),
(2084, 105, 230000000, 2013, 82, 18),
(2085, 105, 40000000, 2015, 32, 11),
(2086, 105, 3900000, 2011, 79, 11),
(2087, 105, 260000000, 2014, 32, 1),
(2088, 105, 3700000, 2013, 55, 21),
(2089, 105, 4200000, 2013, 3, 16),
(2090, 105, 22000000, 2011, 26, 19),
(2091, 105, 600000, 2012, 81, 24),
(2092, 105, 400000, 2014, 73, 25),
(2093, 105, 60000000, 2015, 22, 5),
(2094, 105, 1700000, 2012, 3, 9),
(2095, 105, 180000000, 2012, 38, 6),
(2096, 105, 4500000, 2014, 59, 18),
(2097, 105, 120000000, 2013, 7, 6),
(2098, 105, 380000000, 2015, 67, 15),
(2099, 105, 450000000, 2014, 81, 23),
(2100, 105, 180000000, 2012, 79, 27);

-- --------------------------------------------------------

--
-- Table structure for table `expense_major_category`
--

CREATE TABLE IF NOT EXISTS `expense_major_category` (
  `id` int(11) NOT NULL AUTO_INCREMENT,
  `name` varchar(255) NOT NULL,
  PRIMARY KEY (`id`)
) ENGINE=InnoDB  DEFAULT CHARSET=utf8 AUTO_INCREMENT=6 ;

--
-- Dumping data for table `expense_major_category`
--

INSERT INTO `expense_major_category` (`id`, `name`) VALUES
(1, 'Water'),
(2, 'Education'),
(3, 'Transportation'),
(4, 'Infrastructure'),
(5, 'Livelihood');

-- --------------------------------------------------------

--
-- Table structure for table `expense_minor_category`
--

CREATE TABLE IF NOT EXISTS `expense_minor_category` (
  `id` int(11) NOT NULL AUTO_INCREMENT,
  `name` varchar(255) NOT NULL,
  `major_category` int(11) NOT NULL,
  PRIMARY KEY (`id`)
) ENGINE=InnoDB  DEFAULT CHARSET=utf8 AUTO_INCREMENT=28 ;

--
-- Dumping data for table `expense_minor_category`
--

INSERT INTO `expense_minor_category` (`id`, `name`, `major_category`) VALUES
(1, 'Canal construction', 1),
(2, 'Water system repair', 1),
(3, 'Seawall construction', 1),
(4, 'Water system construction', 1),
(5, 'River control repair', 1),
(6, 'Drainage repair', 1),
(7, 'Drainage construction', 1),
(8, 'Water system installation', 1),
(9, 'Desilting works', 1),
(10, 'Flood control system repair', 1),
(11, 'School building repair', 2),
(12, 'Library construction', 2),
(13, 'School building construction', 2),
(14, 'Bridge repair', 3),
(15, 'Road construction', 3),
(16, 'Farm-to-market road re-opening', 3),
(17, 'Road concreting', 3),
(18, 'Road repair', 3),
(19, 'Farm-to-market road repair', 3),
(20, 'Multi-purpose pavement construction', 3),
(21, 'Multi-purpose building completion', 4),
(22, 'Housing projects', 4),
(23, 'Multi-purpose building repair', 4),
(24, 'Farm-to-market road construction', 4),
(25, 'Multi-purpose building construction', 4),
(26, 'Livelihood projects', 5),
(27, 'Financial assistance for various purposes', 5);

-- --------------------------------------------------------

--
-- Table structure for table `location`
--

CREATE TABLE IF NOT EXISTS `location` (
  `id` int(11) NOT NULL AUTO_INCREMENT,
  `name` varchar(255) NOT NULL,
  PRIMARY KEY (`id`)
) ENGINE=InnoDB  DEFAULT CHARSET=utf8 AUTO_INCREMENT=83 ;

--
-- Dumping data for table `location`
--

INSERT INTO `location` (`id`, `name`) VALUES
(1, 'Abra'),
(2, 'Agusan Del Norte'),
(3, 'Agusan Del Sur'),
(4, 'Aklan'),
(5, 'ALbay'),
(6, 'Antique'),
(7, 'Apayao'),
(8, 'Aurora'),
(9, 'Basilan'),
(10, 'Bataan'),
(11, 'Batanes'),
(12, 'Batangas'),
(13, 'Benguet'),
(14, 'Biliran'),
(15, 'Bohol'),
(16, 'Bukdinon'),
(17, 'Bulacan'),
(18, 'Cagayan'),
(19, 'Camarines Norte'),
(20, 'Camarines Sur'),
(21, 'Camiguin'),
(22, 'Capiz'),
(23, 'Catanduanes'),
(24, 'Cavite'),
(25, 'Cebu'),
(26, 'Compostela Valley'),
(27, 'Cotabato'),
(28, 'Davao Del Norte'),
(29, 'Davao Del Sur'),
(30, 'Davao Occidental'),
(31, 'Davao Oriental'),
(32, 'Dinagat Islands'),
(33, 'Eastern Samar'),
(34, 'Guimaras'),
(35, 'Ifugao'),
(36, 'Ilocos Norte'),
(37, 'Ilocos Sur'),
(38, 'Iloilo'),
(39, 'Isabela'),
(40, 'Kalinga'),
(41, 'La Union'),
(42, 'Laguna'),
(43, 'Lanao Del Norte'),
(44, 'Lanao Del Sur'),
(45, 'Leyte'),
(46, 'Maguindanao'),
(47, 'Marinduque'),
(48, 'Masbate'),
(49, 'Misamis Occidental'),
(50, 'Misamis Oriental'),
(51, 'Mountain Province'),
(52, 'Negros Occidental'),
(53, 'Negros Oriental'),
(54, 'Northern Samar'),
(55, 'Nueva Ecija'),
(56, 'Nueva Vizcaya'),
(57, 'Occidental Mindoro'),
(58, 'Oriental Mindoro'),
(59, 'Palawan'),
(60, 'Pampanga'),
(61, 'Pangasinan'),
(62, 'Quezon'),
(63, 'Quirino'),
(64, 'Rizal'),
(65, 'Romblon'),
(66, 'Samar'),
(67, 'Sarangani'),
(68, 'Siquijor'),
(69, 'Sorsogon'),
(70, 'South Cotabato'),
(71, 'Southern Leyte'),
(72, 'Sultan Kudarat'),
(73, 'Sulu'),
(74, 'Surigao Del Norte'),
(75, 'Surigao Del Sur'),
(76, 'Tarlac'),
(77, 'Tawi-Tawi'),
(78, 'Zambales'),
(79, 'Zamboanga del Norte'),
(80, 'Zamboanga del Sur'),
(81, 'Zamboanga Sibugay'),
(82, 'Metro Manila');

-- --------------------------------------------------------

--
-- Table structure for table `person`
--

CREATE TABLE IF NOT EXISTS `person` (
  `id` int(11) NOT NULL AUTO_INCREMENT,
  `firstName` varchar(255) NOT NULL,
  `middleName` varchar(255) NOT NULL,
  `lastName` varchar(255) NOT NULL,
  `suffix` varchar(255) NOT NULL,
  `position` enum('President','Vice President','Senator','Governor') NOT NULL,
  `intro` text NOT NULL,
  PRIMARY KEY (`id`)
) ENGINE=InnoDB  DEFAULT CHARSET=utf8 AUTO_INCREMENT=106 ;

--
-- Dumping data for table `person`
--

INSERT INTO `person` (`id`, `firstName`, `middleName`, `lastName`, `suffix`, `position`, `intro`) VALUES
(1, 'Benigno Simeon', 'Cojuangco', 'Aquino', 'III', 'President', '<p>Before he was elected president in May 2010, Benigno Simeon &lsquo;Noynoy&rsquo; C. Aquino III had served for a decade in the House of Representatives and the Senate.</p><p>He was elected congressman of his home province of Tarlac for three consecutive terms (1998-2004) and in 2007, as senator.</p><p>In 2009, following the death of his mother, former president Corazon C. Aquino, Noynoy ran and won the 2010 presidential elections with over 15 million votes.</p>'),
(2, 'Jejomar', 'Cabauatan', 'Binay', '', 'Vice President', '<p>The 1986 EDSA People Power Revolution launched the political career of Vice President Jejomar C. Binay. In 1986, he was appointed mayor of Makati by former president Corazon C. Aquino, and continued on as elected official for over two decades. After serving out his term limit as mayor (three three-year terms), his wife Dr. Elenita Binay ran and won as Makati mayor in 1998. After a three-year break, Binay ran and won three more consecutive terms as mayor (2001-2010), until he was elected vice president in 2010.</p>'),
(3, 'Edgardo', 'Javier', 'Angara', '', 'Senator', '<p>Senator Edgardo J. Angara is one of the longest serving senators of the Philippines, since the 1986 EDSA People Power Revolution. He has served four six-year terms. In 1998, he ran for vice president but lost. He was appointed Agriculture secretary in1999-2000 under the administration of President Joseph Estrada.</p>'),
(4, 'Joker', 'Paz', 'Arroyo', '', 'Senator', '<p>Before he was first elected to Congress in 1992, Senator Joker P. Arroyo served as Executive Secretary of former president Corazon C. Aquino, Chairman of the Philippine National Bank, and Executive Director for the Philippines in the Asian Development Bank.</p><p>From 1992 to 2001, he served three terms in the House of Representatives as congressman of Makati, the nation&rsquo;s financial center. In 2001, he won a seat in the Senate, and was re-elected in 2007.</p>'),
(5, 'Ramon', 'Bautista', 'Bong Revilla', 'Jr.', 'Senator', '<p>Senator Ramon &#8216;Bong&#8217; B. Revilla Jr. has charted simultaneous careers in show business and politics over the last two decades. An actor from the early &#039;80s to the present, he has run and won elective positions since 1995. He was first elected vice governor of his province of Cavite in 1995, and then governor in 1998. He returned to the movies after losing his re-election bid in 2001. In 2004, he won his first six-year term in the Senate, and in 2010, his second term.</p>'),
(6, 'Alan Peter', 'Schramm', 'Cayetano', '', 'Senator', '<p>Senator Alan Peter S. Cayetano&rsquo;s career in politics has spanned two decades. He started out as councilor of his family&rsquo;s bailiwick of Taguig City in 1992, became vice mayor in 1995, and won three consecutive terms as congressman of Pateros City from 1998 to 2007. Cayetano was elected senator in 2007; he is running for re-election in May 2013.</p>'),
(7, 'Pilar Juliana', 'Schramm', 'Cayetano', '', 'Senator', '<p>Senator Pilar Juliana &lsquo;Pia&rsquo; S. Cayetano had worked as a corporate legal counsel from 1992 to 2000 and managed a business in 2001 before she ran and won a seat in the Senate in 2004. Despite working in the private sector, Cayetano was not exactly unpopular. She was a source of legal advice and a co-host in several television and radio programs that lent to her modest national prominence. Among these was her father&rsquo;s TV-radio program, <em>Compa&ntilde;ero y Compa&ntilde;era</em>, which she co-hosted for a short period. She ran for re-election in 2010 and landed in sixth place.</p>'),
(8, 'Franklin', 'Magtunao', 'Drilon', '', 'Senator', '<p>Senator Franklin M. Drilon has worked in both the executive and legislative branches of government. He started out as labor and employment secretary (1987-1990) and as executive secretary in 1991 of former president Corazon C. Aquino, and then as justice secretary from 1991 to 1994 of former president Fidel V. Ramos.</p><p>Drilon won his first term as senator in May 1995. He was re-elected in 2002, ran and won again in 2010 for a third term ending June 2016.</p>'),
(9, 'Juan', 'Ponce', 'Enrile', '', 'Senator', '<p>Juan Ponce Enrile has spent half his life or 43 years as Cabinet secretary, congressman, and senator, outlasting the terms of six Philippine presidents, and predating the 1986 EDSA People Power Revolution.</p><p>Enrile had served as Customs commissioner, minister of Finance, Justice, and Defense under the late strongman Ferdinand E. Marcos. He continued on as defense secretary of former President Corazon C. Aquino, who fired him later for alleged involvement in botched coup attempts. Enrile resurfaced later, and ran and won a series of elections as congressman of his home province of Cagayan, and later as senator. His third six-year term as senator ends in May 2016.</p>'),
(10, 'Francis Joseph', 'Guevara', 'Escudero', '', 'Senator', '<p>Senator Francis Joseph &lsquo;Chiz&rsquo; G. Escudero was a three-term congressman from his home province of Sorsogon (1998 to 2007), before he ran for the Senate and won with the second highest number of votes.</p>'),
(11, 'Jinggoy', 'Ejercito', 'Estrada', '', 'Senator', '<p>Senator Jinggoy E. Estrada, son of former president Joseph Estrada by first wife and former senator Dr. Luisa &lsquo;Loi&rsquo; Ejercito Estrada, has straddled the worlds of politics and show business all his life. Over the last two decades, Jinggoy has starred in several films and at the same, been elected mayor of his father&rsquo;s bailiwick of San Juan City, and later, as senator. Jinggoy is serving his second six-year term in the Senate until May 2016.</p>'),
(12, 'Teofisto', 'de Lara', 'Guingona', 'III', 'Senator', '<p>Senator Teofisto D. Guingona III served two consecutive terms at the House of Representatives as representative of the second district of Bukidnon province from 2004 to 2010. He won his senatorial bid in 2010 and landed in the 12<sup>th</sup> place.</p>'),
(13, 'Gregorio', 'Ballesteros', 'Honasan', 'II', 'Senator', '<p>Senator Gregorio &lsquo;Gringo&rsquo; B. Honasan II had served for three six-year terms as senator since 1995. Before serving in the Senate, he played a key role in the 1986 EDSA People Power Revolution as one of the leaders of the Reform the Armed Forces Movement or RAM, which withdrew support from then strongman Ferdinand E. Marcos and triggered the people-backed military uprising.</p>'),
(14, 'Panfilo', 'Morena', 'Lacson', '', 'Senator', '<p>Since the 1970s, Senator Panfilo &lsquo;Ping&rsquo; M. Lacson had served in the police force until he was appointed Director-General of the Philippine National Police in 1999. In 2001 and 2007, he ran and won two consecutive terms in the Senate. In the 2004 elections, Lacson ran for president but lost to Gloria Macapagal-Arroyo.</p>'),
(15, 'Manuel', 'Mercado', 'Lapid', '', 'Senator', '<p>Senator Manuel &lsquo;Lito&rsquo; M. Lapid was a popular movie actor who had also served as vice governor and governor of his home province of Pampanga. A second-term senator, he will remain in the Senate until May 2016.</p>'),
(16, 'Lorna Regina', 'Bautista', 'Legarda', '', 'Senator', '<p>Over the last 15 years, Lorna Regina &#8216;Loren&#8217; B. Legarda had run in four national elections &ndash; two she won, two she lost. In&nbsp; 1998 and 2007, &nbsp;she topped the race for senator, but in &nbsp;2004 and &nbsp;2010, she failed in her bid for the vice presidency. &nbsp;Before joining politics, Legarda anchored public affairs programs on national television.</p>'),
(17, 'Ferdinand', 'Romualdez', 'Marcos', 'Jr.', 'Senator', '<p>Senator Ferdinand &lsquo;Bongbong&rsquo; R. Marcos Jr. emerged from Oxford University and Wharton School of Business to become vice governor of Ilocos Norte at the age of 23. By the time he was elected in 1980, his father, Ferdinand E. Marcos, had already monopolized the country&rsquo;s political power and ruled under a dictatorship. Bongbong Marcos served as Ilocos Norte&rsquo;s vice governor from 1980 to 1982 and governor from 1983 to 1986. His father&rsquo;s dictatorship ended in 1986 through the EDSA Revolution. The younger Marcos went with his entire family, including his parents, into exile. They returned to the Philippines only after Ferdinand Marcos died in 1989.</p><p>In 1992, Bongbong won his congressional bid and represented the second district of Ilocos Norte in the 9<sup>th</sup> Congress. He failed in his senatorial bid in 1995 and ran for local position instead in 1998. He served as governor of Ilocos Norte for three consecutive terms from 1998 to 2007, and then he was again elected representative of the province. In 2010, he successfully won a seat in the Senate.</p>'),
(18, 'Sergio', 'dela Rama', 'Osmena', 'III', 'Senator', '<p>Descended from a family of legislators, Senator Sergio R. Osme&ntilde;a III had held key positions in the private sector and government corporations before he became a lawmaker himself. He lived in political exile in the United States during the Martial Law period and returned home when former dictator Ferdinand E. Marcos was removed from office. Osme&ntilde;a then served as director of PNB Republic Bank, San Miguel Corp., and Pacific CATV Inc., among others. He won a senate bid in 1995 and was re-elected in 2001. He did not hold any public office from June 2007 to June 2010, after which he ran again and won a Senate seat in 2010.</p>'),
(19, 'Francis', 'Nepomuceno', 'Pangilinan', '', 'Senator', '<p>Senator Francis &lsquo;Kiko&rsquo; N. Pangilinan has spent two decades in the public sector. Before gaining celebrity status as anchor of various shows at ABS-CBN Channel 2, he served as Quezon City councilor from 1988 to 1992. In 1996, Pangilinan, a former student leader, married popular singer/actress Sharon Cuneta. He was elected to two consecutive terms in the Senate in 2001 and 2007.</p>'),
(20, 'Aquilino Martin', 'III dela Llana', 'Pimentel', '', 'Senator', '<p>In August 2011, Aquilino Martin &#8216;Koko&#8217; L. Pimentel became the 12<sup>th</sup> senator of the 15<sup>th</sup> Congress, after winning an electoral protest that he filed in May 2007 before the Senate Electoral Tribunal against then sitting senator Miguel Zubiri. The tribunal&rsquo;s recount established that Pimentel got 257,000 more votes than Zubiri in the 2007 elections.</p><p>From 1995 to 1998, Pimentel served as commissioner for Mindanao of the National Youth Commission, under then President Joseph Estrada. Pimentel has practiced law and taught at the Far Eastern University, De La Salle University, and the University of the East.</p>'),
(21, 'Ralph', 'Gonzalez', 'Recto', '', 'Senator', '<p>Senator Ralph G. Recto started out in public service in 1992. He won three consecutive terms (1992-2001) as representative of the 4<sup>th</sup> District of Batangas &ndash; where wife and movie star Vilma Santos is governor until May 2013. Recto was elected senator in 2001, but lost his re-election bid in 2007, and won a Senate seat in May 2010. Recto will serve in the Senate until June 2016.</p><p>Former president Gloria Macapagal-Arroyo appointed Rector as director-general of National Economic and Development Authority (NEDA) in 2008.</p>'),
(22, 'Miriam', 'Defensor', 'Santiago', '', 'Senator', '<p>Senator Miriam Defensor-Santiago had served first as a trial court presiding judge, then Immigration commissioner, and Agrarian Reform department secretary, and over the last 15 years, senator. Defensor&rsquo;s third term as senator will end in June 2016.</p><p>In December 2011, Santiago was elected to a nine-year tenure as judge of the International Criminal Court.</p>'),
(23, 'Vicente', 'Castelo', 'Sotto', 'III', 'Senator', '<p>The grandson of the iconic senator Vicente Y. Sotto, author of the Philippines&rsquo; Press Freedom Law, Senator Vicente &lsquo;Tito&rsquo; C. Sotto III was a popular TV game show host and comedian before politics beckoned. He had been elected vice mayor of Quezon City and is now on his third term as senator until May 2016.</p><p>After he lost his re-election bid in 2007, former president Gloria Macapagal Arroyo appointed him as chairperson of the Dangerous Drugs Board.</p>'),
(24, 'Antonio', 'Fuentes', 'Trillanes', 'IV', 'Senator', '<p>Senator Antonio F. Trillanes IV is known as one of the leaders of the group of soldiers that staged the Oakwood Mutiny in July 2003 and the Peninsula Manila siege in November 2007.</p><p>Trillanes ran for senator in the May 2007 elections and won despite being detained in Camp Crame. His petition for provisional release was later granted by the court after President Benigno Simeon C. Aquino III issued Proclamation No. 75 that granted amnesty to military officers involved in coup attempts during the Arroyo administration.</p>'),
(25, 'Manuel', 'Bamba', 'Villar', 'Jr.', 'Senator', '<p>Senator Manuel &#8216;Manny&#8217; B. Villar Jr. served three terms at the House of Representatives from 1992 to 2001, during which he was Speaker of the House from July 1998 to November 2000. He is currently serving his second term in the Senate that will end in 2013. From July 2006 to November 2008, Villar was Senate president.</p><p>The senator also ran for president in the May 2010 elections but lost.</p>'),
(26, 'Mamintal', 'A.', 'Adiong', 'Jr.', 'Governor', ''),
(27, 'Jum', 'J.', 'Akbar', '', 'Governor', ''),
(28, 'Jose', 'C.', 'Alvarez', '', 'Governor', ''),
(29, 'Ma. Angelica', 'M.', 'Amante-Matba', '', 'Governor', ''),
(30, 'Alvaro', 'T.', 'Antonio', '', 'Governor', ''),
(31, 'Jocel', 'C.', 'Baac', '', 'Governor', ''),
(32, 'Claude', 'P.', 'Bautista', '', 'Governor', ''),
(33, 'Eustaquio', 'P.', 'Bersamin', '', 'Governor', ''),
(34, 'Elias', 'C.', 'Bulut', 'Jr.', 'Governor', ''),
(35, 'Antonio', 'H.', 'Cerilles', '', 'Governor', ''),
(36, 'Edgardo', 'M.', 'Chatto', '', 'Governor', ''),
(37, 'Junie', 'E.', 'Cua', '', 'Governor', ''),
(38, 'Hilario', 'P.', 'Davide', 'III', 'Governor', ''),
(39, 'Arthur Sr.', 'D.', 'Defensor', '', 'Governor', ''),
(40, 'Roel', 'R.', 'Degamo', '', 'Governor', ''),
(41, 'Rodolfo', 'P.', 'Del Rosario', '', 'Governor', ''),
(42, 'Mohamad Khalid', 'Q.', 'Dimaporo', '', 'Governor', ''),
(43, 'Faustino', 'G.', 'Dy', 'III', 'Governor', ''),
(44, 'Hermogenes', 'E.', 'Ebdane', 'Jr.', 'Governor', ''),
(45, 'Glenda', 'B.', 'Ecleo', '', 'Governor', ''),
(46, 'Emilio Ramon', 'P.', 'Ejercito', '', 'Governor', ''),
(47, 'Yevgeny Vincente', 'B.', 'Emano', '', 'Governor', ''),
(48, 'Gerardo', 'J.', 'Espina', 'Jr.', 'Governor', ''),
(49, 'Amado', 'T.', 'Espino', 'Jr.', 'Governor', ''),
(50, 'Eduardo', 'C.', 'Firmalo', '', 'Governor', ''),
(51, 'Nestor', 'B.', 'Fongwan', '', 'Governor', ''),
(52, 'Daisy', 'A.', 'Fuentes', '', 'Governor', ''),
(53, 'Albert Raymond', 'S.', 'Garcia', '', 'Governor', ''),
(54, 'Vicente', 'D.', 'Gato', '', 'Governor', ''),
(55, 'Samuel', 'T.', 'Gumarin', '', 'Governor', ''),
(56, 'Denis', 'B.', 'Habawel', '', 'Governor', ''),
(57, 'Exequiel', 'B.', 'Javier', '', 'Governor', ''),
(58, 'Rizalina', 'S.', 'Lanete', '', 'Governor', ''),
(59, 'Raul', 'R.', 'Lee', '', 'Governor', ''),
(60, 'Corazon', 'N.', 'Malanyaon', '', 'Governor', ''),
(61, 'Esmael', 'G.', 'Mangudadatu', '', 'Governor', ''),
(62, 'Suharto', 'T.', 'Mangudadatu', '', 'Governor', ''),
(63, 'Alfredo', 'G.', 'Maranon', 'Jr.', 'Governor', ''),
(64, 'Maria Imelda', 'R.', 'Marcos', '', 'Governor', ''),
(65, 'Sol', 'F.', 'Matugas', '', 'Governor', ''),
(66, 'Leonard', 'G.', 'Mayaen', '', 'Governor', ''),
(67, 'Mario Gene', 'J.', 'Mendiola', '', 'Governor', ''),
(68, 'Roger', 'G.', 'Mercado', '', 'Governor', ''),
(69, 'Florencio', 'T.', 'Miraflores', '', 'Governor', ''),
(70, 'Conrado', 'B.', 'Nicart', 'Jr.', 'Governor', ''),
(71, 'Gerardo', 'A.', 'Noveras', '', 'Governor', ''),
(72, 'Jose', 'L.', 'Ong', 'Jr.', 'Governor', ''),
(73, 'Manuel', 'C.', 'Ortega', '', 'Governor', ''),
(74, 'Ruth', 'R.', 'Padilla', '', 'Governor', ''),
(75, 'Wilter', 'Y.', 'Palma', '', 'Governor', ''),
(76, 'Leopoldo Dominico', 'L.', 'Petilla', '', 'Governor', ''),
(77, 'Johnny', 'T.', 'Pimentel', '', 'Governor', ''),
(78, 'Lilia', 'G.', 'Pineda', '', 'Governor', ''),
(79, 'Adolph Edward', 'G.', 'Plaza', '', 'Governor', ''),
(80, 'Herminia', 'M.', 'Ramiro', '', 'Governor', ''),
(81, 'Rosa Vilma', 'S.', 'Recto', '', 'Governor', ''),
(82, 'Juanito Victor', 'Jr. C.', 'Remulla', '', 'Governor', ''),
(83, 'Carmencita', 'O.', 'Reyes', '', 'Governor', ''),
(84, 'Jurdin Jesus', 'M.', 'Romualdo', '', 'Governor', ''),
(85, 'Nurbert', 'M.', 'Sahali', '', 'Governor', ''),
(86, 'Jose Ma.', 'Clemente S.', 'Salceda', '', 'Governor', ''),
(87, 'Ryan Luis', 'V.', 'Singson', '', 'Governor', ''),
(88, 'Steve', 'C.', 'Solon', '', 'Governor', ''),
(89, 'David', 'C.', 'Suarez', '', 'Governor', ''),
(90, 'Wilhelmino', 'M.', 'Sy-Alvarado', '', 'Governor', ''),
(91, 'Emmylou', 'J.', 'Talino-Mendoza', '', 'Governor', ''),
(92, 'Edgardo', 'A.', 'Tallado', '', 'Governor', ''),
(93, 'Abdusakur', 'A.', 'Tan', 'II', 'Governor', ''),
(94, 'Sharee Ann', 'T.', 'Tan', '', 'Governor', ''),
(95, 'Victor Sr.', 'A.', 'Tanco', '', 'Governor', ''),
(96, 'Alfonso', 'V.', 'Umali', 'Jr.', 'Governor', ''),
(97, 'Aurelio', 'M.', 'Umali', '', 'Governor', ''),
(98, 'Arturo', 'T.', 'Uy', '', 'Governor', ''),
(99, 'Roberto', 'Y.', 'Uy', '', 'Governor', ''),
(100, 'Zaldy', 'S.', 'Villa', '', 'Governor', ''),
(101, 'Miguel', 'R.', 'Villafuerte', '', 'Governor', ''),
(102, 'Araceli', 'B.', 'Wong', '', 'Governor', ''),
(103, 'Victor', 'A.', 'Yap', '', 'Governor', ''),
(104, 'Rebecca', 'A.', 'Ynares', '', 'Governor', ''),
(105, 'Jose Maria', 'R.', 'Zubiri', 'Jr.', 'Governor', '');

-- --------------------------------------------------------

--
-- Table structure for table `person_allocation`
--

CREATE TABLE IF NOT EXISTS `person_allocation` (
  `id` int(11) NOT NULL AUTO_INCREMENT,
  `person_id` int(11) NOT NULL,
  `water` float NOT NULL,
  `education` float NOT NULL,
  `transportation` float NOT NULL,
  `infrastructure` float NOT NULL,
  `livelihood` float NOT NULL,
  PRIMARY KEY (`id`)
) ENGINE=InnoDB  DEFAULT CHARSET=utf8 AUTO_INCREMENT=106 ;

--
-- Dumping data for table `person_allocation`
--

INSERT INTO `person_allocation` (`id`, `person_id`, `water`, `education`, `transportation`, `infrastructure`, `livelihood`) VALUES
(1, 1, 24.67, 0, 49.8, 23.38, 2.15),
(2, 2, 72.79, 14.11, 3.47, 6.07, 3.55),
(3, 3, 33.21, 5.94, 46.92, 13.93, 0),
(4, 4, 15.91, 35.12, 31.82, 16.73, 0.43),
(5, 5, 45.68, 1.86, 34.55, 17.83, 0.08),
(6, 6, 66.95, 2.98, 22.54, 7.53, 0),
(7, 7, 37.64, 0.68, 60.64, 1.04, 0),
(8, 8, 23.65, 17.14, 34.43, 23.8, 0.98),
(9, 9, 44.77, 5.48, 15.12, 18.17, 16.45),
(10, 10, 54.17, 7.26, 34.41, 2.42, 1.74),
(11, 11, 18.29, 1.23, 55.39, 22.96, 2.14),
(12, 12, 78.1, 1.45, 5.74, 13.73, 0.98),
(13, 13, 40.38, 21.49, 10.81, 16.43, 10.89),
(14, 14, 20.01, 11.73, 36.37, 17.21, 14.67),
(15, 15, 18.57, 17.34, 10.06, 33.75, 20.29),
(16, 16, 12.84, 43.34, 19.73, 23.23, 0.85),
(17, 17, 32.46, 8.65, 29.13, 28.22, 1.54),
(18, 18, 32.31, 0.25, 38.53, 12.47, 16.45),
(19, 19, 43.56, 1.47, 45.02, 9.94, 0),
(20, 20, 38.82, 0.13, 60.92, 0.14, 0),
(21, 21, 56.51, 5.71, 5.12, 32.31, 0.35),
(22, 22, 24.11, 0.27, 0.9, 64.47, 10.25),
(23, 23, 32.8, 3.11, 61.64, 1.93, 0.51),
(24, 24, 33.57, 16.91, 35.08, 5.81, 8.63),
(25, 25, 81.77, 0, 17.62, 0.31, 0.29),
(26, 26, 31.07, 12.82, 28.91, 24.48, 2.72),
(27, 27, 38.78, 11.77, 21.21, 18.83, 9.4),
(28, 28, 32.91, 18, 32.4, 16.69, 0),
(29, 29, 64.69, 3.27, 11.7, 20.31, 0.02),
(30, 30, 49.56, 7.24, 43.2, 0, 0),
(31, 31, 8.15, 18.44, 47.95, 24.54, 0.92),
(32, 32, 65.29, 23.76, 4.13, 5.51, 1.29),
(33, 33, 32.52, 0, 54.79, 12.69, 0),
(34, 34, 16.64, 24.08, 58.94, 0.34, 0),
(35, 35, 25.95, 13.38, 16.55, 42.57, 1.55),
(36, 36, 41.93, 0, 10.84, 37.45, 9.78),
(37, 37, 46.2, 17, 0.07, 33.63, 3.11),
(38, 38, 75.85, 0.2, 8.33, 13.63, 2),
(39, 39, 41.13, 5.84, 50.44, 2.38, 0.21),
(40, 40, 42.68, 37.7, 17.54, 1.6, 0.47),
(41, 41, 38.74, 2.5, 19.2, 3.92, 35.64),
(42, 42, 19.78, 16.57, 2.2, 61.27, 0.18),
(43, 43, 36.24, 3, 13.56, 29.61, 17.6),
(44, 44, 30.07, 21.53, 23.61, 0.03, 24.77),
(45, 45, 41.55, 0.84, 42.42, 14.03, 1.16),
(46, 46, 41.54, 0, 7.04, 51.36, 0.06),
(47, 47, 52.05, 0.51, 29.24, 18.21, 0),
(48, 48, 59.19, 2.23, 22.24, 16.26, 0.08),
(49, 49, 24.53, 9.07, 43.25, 12.8, 10.35),
(50, 50, 25.54, 0.26, 4.24, 45.41, 24.55),
(51, 51, 24.56, 15.08, 4.68, 27.84, 27.84),
(52, 52, 52.1, 1.9, 23.4, 14.18, 8.42),
(53, 53, 7.71, 0.18, 32.05, 48.8, 11.26),
(54, 54, 74.18, 4.3, 12.49, 9.03, 0),
(55, 55, 24.33, 43.87, 7.27, 2.3, 22.23),
(56, 56, 29.63, 0.04, 66.75, 1.7, 1.87),
(57, 57, 38.61, 0, 24.15, 36.83, 0.42),
(58, 58, 28.54, 2.98, 39.32, 29.06, 0.1),
(59, 59, 31.24, 11.76, 4.22, 50.84, 1.95),
(60, 60, 44.12, 27.26, 26.54, 0.49, 1.59),
(61, 61, 71.45, 0.11, 15.08, 5.04, 8.33),
(62, 62, 34.61, 2.83, 26.36, 15.7, 20.5),
(63, 63, 48.66, 5.79, 6.69, 9.59, 29.27),
(64, 64, 58.37, 14.03, 2.52, 22.97, 2.12),
(65, 65, 38.67, 3.45, 12.23, 0.62, 45.02),
(66, 66, 27.58, 0.17, 31.76, 19.69, 20.81),
(67, 67, 43.13, 49.98, 1.3, 0.11, 5.48),
(68, 68, 31.41, 0.5, 22.42, 13.81, 31.87),
(69, 69, 38.77, 8.15, 21.76, 29.95, 1.37),
(70, 70, 77.8, 2.26, 15.93, 2.8, 1.22),
(71, 71, 0.04, 2.32, 56.71, 38.16, 2.77),
(72, 72, 43.83, 7.01, 37.98, 4.36, 6.82),
(73, 73, 25.57, 0, 50.55, 9.65, 14.23),
(74, 74, 21.07, 9.18, 1.49, 34.08, 34.18),
(75, 75, 59.27, 0, 11.53, 1.49, 27.71),
(76, 76, 57.71, 23.52, 9.81, 8.08, 0.88),
(77, 77, 19.13, 23.24, 31.9, 24.29, 1.45),
(78, 78, 43.99, 2.27, 19.03, 6.03, 28.67),
(79, 79, 19.09, 0, 15.91, 5.31, 59.69),
(80, 80, 66.22, 0.13, 2.6, 30.12, 0.93),
(81, 81, 36.22, 0.63, 29.61, 33.51, 0.03),
(82, 82, 45.49, 2.07, 31.18, 21.14, 0.13),
(83, 83, 11.39, 15.43, 32.85, 40.18, 0.15),
(84, 84, 40.5, 2.51, 45.36, 11.34, 0.29),
(85, 85, 85.94, 5.91, 8.12, 0.04, 0),
(86, 86, 33.48, 0.18, 64.14, 2.2, 0),
(87, 87, 42.22, 0.27, 32.52, 22.62, 2.37),
(88, 88, 39.88, 20.79, 3.22, 6.55, 29.56),
(89, 89, 8.05, 0, 48.08, 43.86, 0),
(90, 90, 41.97, 8.05, 28.68, 20.92, 0.37),
(91, 91, 65.39, 3.16, 16.58, 0.56, 14.31),
(92, 92, 29.31, 39.64, 8.47, 22.58, 0),
(93, 93, 78.02, 0, 4.58, 17.4, 0),
(94, 94, 6.34, 6.74, 15.78, 68.63, 2.5),
(95, 95, 38.01, 0.87, 26.65, 12.01, 22.46),
(96, 96, 29.41, 1.89, 29.54, 29.36, 9.79),
(97, 97, 43, 0, 28.2, 28.33, 0.47),
(98, 98, 51.3, 1.29, 2.3, 29.56, 15.55),
(99, 99, 28.07, 2.17, 37.93, 29.7, 2.12),
(100, 100, 68.99, 6.65, 3.86, 0.25, 20.24),
(101, 101, 46.7, 17.22, 7.3, 28.78, 0),
(102, 102, 65.71, 0.63, 15.73, 2.16, 15.77),
(103, 103, 27.29, 43.15, 21.58, 2.27, 5.71),
(104, 104, 50.16, 8.05, 4.44, 36.06, 1.29),
(105, 105, 28.77, 1.94, 30.23, 31.11, 7.95);

-- --------------------------------------------------------

--
-- Table structure for table `saln`
--

CREATE TABLE IF NOT EXISTS `saln` (
  `id` int(11) NOT NULL AUTO_INCREMENT,
  `person_id` int(11) NOT NULL,
  `real_assets` int(11) NOT NULL,
  `personal_assets` int(11) NOT NULL,
  `liabilities` int(11) NOT NULL,
  `net_worth` int(11) NOT NULL,
  `year` year(4) NOT NULL,
  PRIMARY KEY (`id`)
) ENGINE=InnoDB  DEFAULT CHARSET=utf8 AUTO_INCREMENT=526 ;

--
-- Dumping data for table `saln`
--

INSERT INTO `saln` (`id`, `person_id`, `real_assets`, `personal_assets`, `liabilities`, `net_worth`, `year`) VALUES
(1, 1, 3300000, 40000000, 900000, 25000000, 2006),
(2, 1, 700000, 1100000, 1800000, 3600000, 2009),
(3, 1, 250000, 10000000, 4000000, 1000000, 2010),
(4, 1, 42000000, 250000, 5000000, 200000, 2012),
(5, 1, 30000000, 30000000, 26000000, 190000, 2014),
(6, 2, 430000, 1400000, 3100000, 800000, 2007),
(7, 2, 230000, 24000000, 3000000, 1000000, 2009),
(8, 2, 3900000, 210000, 1000000, 2100000, 2011),
(9, 2, 120000, 180000, 27000000, 3900000, 2013),
(10, 2, 10000000, 30000000, 300000, 28000000, 2015),
(11, 3, 31000000, 20000000, 2500000, 31000000, 2007),
(12, 3, 3700000, 430000, 350000, 1500000, 2008),
(13, 3, 32000000, 2500000, 31000000, 35000000, 2010),
(14, 3, 900000, 37000000, 240000, 210000, 2012),
(15, 3, 1800000, 900000, 43000000, 27000000, 2015),
(16, 4, 300000, 2000000, 32000000, 280000, 2007),
(17, 4, 500000, 300000, 7000000, 3300000, 2008),
(18, 4, 430000, 310000, 3300000, 700000, 2010),
(19, 4, 10000, 180000, 450000, 2000000, 2012),
(20, 4, 230000, 100000, 4200000, 400000, 2015),
(21, 5, 330000, 150000, 1000000, 900000, 2007),
(22, 5, 1100000, 30000000, 330000, 300000, 2009),
(23, 5, 100000, 110000, 800000, 1000000, 2010),
(24, 5, 3000000, 1500000, 25000000, 3300000, 2013),
(25, 5, 330000, 200000, 26000000, 390000, 2014),
(26, 6, 4200000, 120000, 8000000, 27000000, 2006),
(27, 6, 3100000, 370000, 5000000, 60000, 2009),
(28, 6, 200000, 42000000, 170000, 360000, 2011),
(29, 6, 22000000, 2600000, 9000000, 1200000, 2012),
(30, 6, 70000, 1900000, 1000000, 200000, 2015),
(31, 7, 300000, 21000000, 800000, 190000, 2007),
(32, 7, 160000, 8000000, 38000000, 1000000, 2008),
(33, 7, 26000000, 22000000, 3900000, 2500000, 2010),
(34, 7, 250000, 390000, 19000000, 3400000, 2012),
(35, 7, 37000000, 17000000, 3900000, 440000, 2015),
(36, 8, 290000, 2700000, 3500000, 360000, 2007),
(37, 8, 26000000, 600000, 110000, 100000, 2009),
(38, 8, 240000, 600000, 80000, 4200000, 2011),
(39, 8, 360000, 2300000, 280000, 3700000, 2013),
(40, 8, 370000, 32000000, 2000000, 32000000, 2015),
(41, 9, 30000000, 4400000, 330000, 4400000, 2007),
(42, 9, 280000, 330000, 10000, 43000000, 2009),
(43, 9, 3800000, 130000, 4200000, 6000000, 2010),
(44, 9, 220000, 340000, 380000, 900000, 2012),
(45, 9, 10000000, 3300000, 39000000, 230000, 2014),
(46, 10, 22000000, 150000, 14000000, 2600000, 2006),
(47, 10, 9000000, 3000000, 3100000, 440000, 2008),
(48, 10, 35000000, 20000, 700000, 6000000, 2011),
(49, 10, 220000, 8000000, 4300000, 190000, 2013),
(50, 10, 110000, 16000000, 600000, 11000000, 2015),
(51, 11, 380000, 30000000, 3800000, 2600000, 2007),
(52, 11, 3700000, 350000, 5000000, 34000000, 2009),
(53, 11, 35000000, 400000, 9000000, 140000, 2010),
(54, 11, 180000, 25000000, 22000000, 4200000, 2012),
(55, 11, 300000, 14000000, 300000, 3400000, 2014),
(56, 12, 1900000, 3500000, 80000, 22000000, 2007),
(57, 12, 38000000, 450000, 37000000, 38000000, 2009),
(58, 12, 200000, 3600000, 27000000, 3000000, 2011),
(59, 12, 11000000, 500000, 160000, 38000000, 2013),
(60, 12, 10000000, 400000, 18000000, 120000, 2014),
(61, 13, 10000000, 290000, 1600000, 100000, 2006),
(62, 13, 160000, 90000, 410000, 170000, 2009),
(63, 13, 30000, 17000000, 14000000, 430000, 2011),
(64, 13, 90000, 290000, 1700000, 1700000, 2013),
(65, 13, 140000, 350000, 11000000, 140000, 2015),
(66, 14, 340000, 3700000, 110000, 21000000, 2007),
(67, 14, 40000000, 360000, 37000000, 280000, 2008),
(68, 14, 80000, 160000, 4500000, 26000000, 2011),
(69, 14, 2800000, 3000000, 160000, 210000, 2012),
(70, 14, 800000, 3100000, 320000, 3000000, 2015),
(71, 15, 1800000, 400000, 3600000, 200000, 2006),
(72, 15, 20000000, 34000000, 90000, 17000000, 2009),
(73, 15, 100000, 4300000, 4400000, 390000, 2010),
(74, 15, 120000, 120000, 500000, 22000000, 2013),
(75, 15, 7000000, 6000000, 2600000, 38000000, 2014),
(76, 16, 700000, 340000, 2300000, 4500000, 2007),
(77, 16, 44000000, 34000000, 340000, 360000, 2009),
(78, 16, 1300000, 3500000, 3000000, 1700000, 2011),
(79, 16, 800000, 400000, 3000000, 240000, 2013),
(80, 16, 23000000, 100000, 2300000, 3200000, 2015),
(81, 17, 250000, 5000000, 33000000, 6000000, 2007),
(82, 17, 3400000, 380000, 430000, 39000000, 2009),
(83, 17, 1000000, 600000, 1400000, 14000000, 2011),
(84, 17, 80000, 230000, 2600000, 120000, 2013),
(85, 17, 26000000, 600000, 2700000, 280000, 2015),
(86, 18, 200000, 2800000, 10000, 29000000, 2007),
(87, 18, 120000, 3500000, 27000000, 2900000, 2009),
(88, 18, 43000000, 40000, 1800000, 900000, 2010),
(89, 18, 420000, 140000, 2100000, 3900000, 2013),
(90, 18, 150000, 400000, 280000, 800000, 2015),
(91, 19, 1000000, 3400000, 14000000, 300000, 2006),
(92, 19, 320000, 100000, 34000000, 10000, 2008),
(93, 19, 2200000, 400000, 210000, 32000000, 2010),
(94, 19, 10000, 190000, 80000, 2500000, 2012),
(95, 19, 380000, 3000000, 16000000, 3800000, 2014),
(96, 20, 220000, 400000, 22000000, 37000000, 2006),
(97, 20, 3600000, 3800000, 41000000, 20000, 2009),
(98, 20, 70000, 1400000, 270000, 7000000, 2010),
(99, 20, 36000000, 3800000, 410000, 420000, 2012),
(100, 20, 11000000, 380000, 220000, 300000, 2014),
(101, 21, 3100000, 4100000, 200000, 3200000, 2007),
(102, 21, 150000, 33000000, 3000000, 100000, 2009),
(103, 21, 140000, 42000000, 4400000, 350000, 2011),
(104, 21, 1200000, 1900000, 3600000, 13000000, 2012),
(105, 21, 3700000, 2100000, 1200000, 21000000, 2015),
(106, 22, 4400000, 4200000, 25000000, 40000, 2007),
(107, 22, 60000, 3200000, 2400000, 420000, 2008),
(108, 22, 1900000, 34000000, 1900000, 7000000, 2010),
(109, 22, 3100000, 2000000, 3900000, 38000000, 2013),
(110, 22, 180000, 18000000, 300000, 40000000, 2014),
(111, 23, 3100000, 3700000, 390000, 20000000, 2007),
(112, 23, 4400000, 33000000, 290000, 300000, 2009),
(113, 23, 7000000, 38000000, 4000000, 32000000, 2011),
(114, 23, 10000000, 3200000, 150000, 60000, 2012),
(115, 23, 1700000, 42000000, 1900000, 14000000, 2015),
(116, 24, 360000, 90000, 2200000, 380000, 2006),
(117, 24, 17000000, 15000000, 340000, 210000, 2008),
(118, 24, 150000, 40000000, 14000000, 9000000, 2010),
(119, 24, 80000, 60000, 100000, 230000, 2013),
(120, 24, 20000, 14000000, 280000, 800000, 2014),
(121, 25, 1600000, 28000000, 1700000, 2500000, 2006),
(122, 25, 90000, 34000000, 240000, 5000000, 2008),
(123, 25, 2100000, 1100000, 400000, 90000, 2011),
(124, 25, 6000000, 430000, 330000, 15000000, 2013),
(125, 25, 250000, 390000, 130000, 9000000, 2015),
(126, 26, 3700000, 190000, 2100000, 2000000, 2007),
(127, 26, 2700000, 230000, 3000000, 370000, 2008),
(128, 26, 190000, 2000000, 3200000, 21000000, 2011),
(129, 26, 170000, 41000000, 900000, 330000, 2012),
(130, 26, 700000, 30000, 6000000, 4300000, 2015),
(131, 27, 28000000, 2400000, 340000, 410000, 2006),
(132, 27, 11000000, 30000, 3000000, 28000000, 2009),
(133, 27, 100000, 30000000, 230000, 30000, 2010),
(134, 27, 160000, 90000, 2200000, 20000, 2013),
(135, 27, 380000, 44000000, 3000000, 3700000, 2015),
(136, 28, 9000000, 70000, 120000, 1100000, 2007),
(137, 28, 340000, 27000000, 90000, 340000, 2008),
(138, 28, 80000, 2100000, 27000000, 29000000, 2011),
(139, 28, 3000000, 220000, 200000, 330000, 2012),
(140, 28, 14000000, 170000, 110000, 280000, 2014),
(141, 29, 2600000, 23000000, 11000000, 24000000, 2006),
(142, 29, 43000000, 37000000, 18000000, 170000, 2009),
(143, 29, 1800000, 440000, 160000, 410000, 2010),
(144, 29, 400000, 2800000, 2300000, 300000, 2012),
(145, 29, 120000, 17000000, 20000, 4100000, 2014),
(146, 30, 170000, 10000000, 2000000, 40000, 2006),
(147, 30, 1000000, 6000000, 200000, 1900000, 2009),
(148, 30, 500000, 4000000, 130000, 43000000, 2010),
(149, 30, 45000000, 35000000, 29000000, 4500000, 2013),
(150, 30, 370000, 3200000, 3800000, 1900000, 2014),
(151, 31, 20000, 400000, 8000000, 4000000, 2007),
(152, 31, 90000, 240000, 4000000, 45000000, 2009),
(153, 31, 3100000, 2800000, 4100000, 29000000, 2010),
(154, 31, 800000, 700000, 24000000, 450000, 2012),
(155, 31, 1900000, 41000000, 26000000, 190000, 2015),
(156, 32, 19000000, 200000, 700000, 440000, 2006),
(157, 32, 3600000, 270000, 24000000, 130000, 2009),
(158, 32, 60000, 42000000, 900000, 34000000, 2011),
(159, 32, 280000, 35000000, 170000, 260000, 2012),
(160, 32, 1800000, 4000000, 320000, 1700000, 2015),
(161, 33, 22000000, 1000000, 2000000, 3400000, 2006),
(162, 33, 210000, 11000000, 2000000, 2300000, 2009),
(163, 33, 24000000, 2600000, 42000000, 4000000, 2010),
(164, 33, 4500000, 20000000, 2300000, 400000, 2012),
(165, 33, 160000, 3400000, 2700000, 1000000, 2015),
(166, 34, 15000000, 2100000, 3300000, 20000, 2006),
(167, 34, 11000000, 13000000, 50000, 4500000, 2009),
(168, 34, 2500000, 130000, 16000000, 6000000, 2010),
(169, 34, 1900000, 420000, 190000, 160000, 2013),
(170, 34, 10000, 10000, 1000000, 10000000, 2014),
(171, 35, 2700000, 400000, 800000, 11000000, 2007),
(172, 35, 22000000, 1000000, 240000, 70000, 2008),
(173, 35, 6000000, 1000000, 32000000, 30000, 2011),
(174, 35, 370000, 1100000, 2400000, 2400000, 2013),
(175, 35, 210000, 2000000, 3500000, 1100000, 2015),
(176, 36, 70000, 360000, 3000000, 26000000, 2007),
(177, 36, 370000, 1000000, 25000000, 190000, 2009),
(178, 36, 190000, 320000, 42000000, 120000, 2010),
(179, 36, 42000000, 12000000, 100000, 4300000, 2012),
(180, 36, 35000000, 39000000, 390000, 16000000, 2015),
(181, 37, 200000, 90000, 140000, 310000, 2006),
(182, 37, 10000000, 4500000, 45000000, 310000, 2009),
(183, 37, 4100000, 2200000, 26000000, 2700000, 2010),
(184, 37, 4100000, 1400000, 340000, 15000000, 2013),
(185, 37, 380000, 500000, 21000000, 3300000, 2015),
(186, 38, 1700000, 45000000, 800000, 1100000, 2006),
(187, 38, 330000, 100000, 3300000, 2200000, 2009),
(188, 38, 100000, 7000000, 4100000, 200000, 2010),
(189, 38, 12000000, 2000000, 3700000, 4200000, 2013),
(190, 38, 600000, 3200000, 150000, 18000000, 2014),
(191, 39, 38000000, 3600000, 4000000, 1100000, 2006),
(192, 39, 1800000, 2000000, 15000000, 80000, 2009),
(193, 39, 3100000, 23000000, 43000000, 320000, 2011),
(194, 39, 70000, 370000, 22000000, 2800000, 2012),
(195, 39, 410000, 3200000, 320000, 100000, 2014),
(196, 40, 3100000, 3000000, 440000, 3000000, 2006),
(197, 40, 3000000, 4200000, 20000000, 400000, 2008),
(198, 40, 430000, 4000000, 60000, 100000, 2010),
(199, 40, 31000000, 44000000, 2000000, 22000000, 2012),
(200, 40, 320000, 28000000, 130000, 10000000, 2015),
(201, 41, 3200000, 23000000, 4000000, 180000, 2007),
(202, 41, 130000, 10000000, 600000, 2300000, 2008),
(203, 41, 39000000, 50000, 2900000, 100000, 2011),
(204, 41, 19000000, 6000000, 4000000, 410000, 2013),
(205, 41, 44000000, 160000, 4100000, 19000000, 2014),
(206, 42, 1100000, 350000, 1500000, 4500000, 2006),
(207, 42, 3900000, 250000, 2100000, 3700000, 2009),
(208, 42, 30000000, 2000000, 23000000, 7000000, 2010),
(209, 42, 2800000, 10000000, 34000000, 12000000, 2012),
(210, 42, 270000, 3200000, 220000, 8000000, 2014),
(211, 43, 1400000, 70000, 200000, 12000000, 2006),
(212, 43, 3700000, 3900000, 120000, 20000000, 2008),
(213, 43, 3900000, 140000, 340000, 440000, 2011),
(214, 43, 34000000, 17000000, 240000, 2700000, 2013),
(215, 43, 30000000, 2800000, 260000, 14000000, 2015),
(216, 44, 80000, 1000000, 45000000, 4000000, 2006),
(217, 44, 340000, 42000000, 4200000, 380000, 2009),
(218, 44, 280000, 41000000, 25000000, 3900000, 2011),
(219, 44, 2300000, 12000000, 1400000, 800000, 2012),
(220, 44, 4000000, 2000000, 2000000, 150000, 2014),
(221, 45, 3100000, 190000, 3600000, 100000, 2007),
(222, 45, 320000, 390000, 20000000, 150000, 2008),
(223, 45, 180000, 1200000, 45000000, 4000000, 2011),
(224, 45, 1300000, 27000000, 19000000, 18000000, 2012),
(225, 45, 140000, 42000000, 2800000, 270000, 2014),
(226, 46, 120000, 17000000, 1900000, 500000, 2006),
(227, 46, 4100000, 1800000, 13000000, 380000, 2009),
(228, 46, 310000, 3600000, 40000000, 430000, 2010),
(229, 46, 90000, 19000000, 34000000, 2800000, 2013),
(230, 46, 4000000, 2800000, 1300000, 130000, 2015),
(231, 47, 390000, 380000, 450000, 13000000, 2007),
(232, 47, 1000000, 140000, 450000, 2500000, 2009),
(233, 47, 10000, 34000000, 2200000, 3000000, 2010),
(234, 47, 3500000, 14000000, 450000, 45000000, 2012),
(235, 47, 6000000, 270000, 2500000, 9000000, 2015),
(236, 48, 2300000, 20000, 3900000, 31000000, 2007),
(237, 48, 43000000, 370000, 3000000, 21000000, 2009),
(238, 48, 36000000, 3700000, 1100000, 100000, 2010),
(239, 48, 40000, 2500000, 32000000, 600000, 2013),
(240, 48, 8000000, 430000, 500000, 8000000, 2015),
(241, 49, 9000000, 410000, 380000, 2700000, 2006),
(242, 49, 23000000, 42000000, 370000, 350000, 2008),
(243, 49, 13000000, 23000000, 70000, 10000000, 2011),
(244, 49, 150000, 24000000, 38000000, 200000, 2012),
(245, 49, 22000000, 50000, 400000, 1200000, 2015),
(246, 50, 19000000, 16000000, 320000, 3700000, 2007),
(247, 50, 390000, 410000, 2200000, 4500000, 2009),
(248, 50, 3300000, 3400000, 170000, 28000000, 2010),
(249, 50, 33000000, 1400000, 1300000, 20000, 2013),
(250, 50, 160000, 38000000, 25000000, 36000000, 2015),
(251, 51, 800000, 20000000, 13000000, 27000000, 2007),
(252, 51, 2300000, 45000000, 38000000, 19000000, 2008),
(253, 51, 300000, 150000, 360000, 170000, 2011),
(254, 51, 90000, 430000, 37000000, 4400000, 2013),
(255, 51, 300000, 10000000, 24000000, 3500000, 2015),
(256, 52, 1300000, 1500000, 28000000, 17000000, 2006),
(257, 52, 1300000, 900000, 600000, 16000000, 2009),
(258, 52, 1100000, 3100000, 4000000, 2600000, 2010),
(259, 52, 8000000, 20000000, 40000, 3600000, 2013),
(260, 52, 1200000, 4000000, 2800000, 200000, 2014),
(261, 53, 4400000, 290000, 90000, 11000000, 2006),
(262, 53, 21000000, 120000, 600000, 30000000, 2008),
(263, 53, 100000, 16000000, 350000, 1500000, 2010),
(264, 53, 1000000, 30000000, 170000, 43000000, 2013),
(265, 53, 60000, 150000, 4000000, 80000, 2015),
(266, 54, 3500000, 2300000, 410000, 7000000, 2006),
(267, 54, 3700000, 41000000, 3800000, 22000000, 2009),
(268, 54, 290000, 36000000, 37000000, 4200000, 2010),
(269, 54, 1000000, 5000000, 2400000, 38000000, 2012),
(270, 54, 1900000, 180000, 320000, 410000, 2014),
(271, 55, 380000, 21000000, 210000, 23000000, 2006),
(272, 55, 45000000, 2700000, 4300000, 24000000, 2009),
(273, 55, 19000000, 200000, 100000, 11000000, 2010),
(274, 55, 1000000, 23000000, 290000, 230000, 2012),
(275, 55, 1800000, 2300000, 8000000, 17000000, 2015),
(276, 56, 340000, 3000000, 3000000, 400000, 2006),
(277, 56, 280000, 36000000, 24000000, 31000000, 2008),
(278, 56, 370000, 70000, 2900000, 9000000, 2011),
(279, 56, 38000000, 450000, 4200000, 2100000, 2013),
(280, 56, 43000000, 1900000, 36000000, 1600000, 2014),
(281, 57, 1300000, 4300000, 1000000, 440000, 2007),
(282, 57, 330000, 9000000, 35000000, 230000, 2008),
(283, 57, 3700000, 100000, 1300000, 300000, 2011),
(284, 57, 45000000, 230000, 80000, 320000, 2012),
(285, 57, 1300000, 6000000, 370000, 300000, 2015),
(286, 58, 1600000, 80000, 5000000, 45000000, 2007),
(287, 58, 40000000, 1400000, 100000, 6000000, 2009),
(288, 58, 3700000, 45000000, 9000000, 2800000, 2011),
(289, 58, 220000, 4400000, 160000, 2700000, 2013),
(290, 58, 450000, 1600000, 4400000, 20000000, 2015),
(291, 59, 250000, 280000, 3300000, 2800000, 2007),
(292, 59, 27000000, 23000000, 9000000, 390000, 2009),
(293, 59, 4200000, 140000, 250000, 2400000, 2010),
(294, 59, 29000000, 34000000, 27000000, 14000000, 2012),
(295, 59, 430000, 40000, 2500000, 4400000, 2014),
(296, 60, 200000, 2000000, 350000, 15000000, 2007),
(297, 60, 3900000, 3400000, 23000000, 1900000, 2008),
(298, 60, 3000000, 3800000, 39000000, 32000000, 2010),
(299, 60, 13000000, 19000000, 1800000, 360000, 2012),
(300, 60, 40000000, 23000000, 340000, 2800000, 2015),
(301, 61, 100000, 260000, 30000, 150000, 2007),
(302, 61, 29000000, 1000000, 310000, 440000, 2008),
(303, 61, 60000, 25000000, 80000, 430000, 2010),
(304, 61, 4000000, 42000000, 2600000, 140000, 2013),
(305, 61, 28000000, 36000000, 140000, 230000, 2014),
(306, 62, 2000000, 450000, 500000, 90000, 2006),
(307, 62, 10000, 45000000, 29000000, 140000, 2008),
(308, 62, 43000000, 2000000, 220000, 14000000, 2011),
(309, 62, 8000000, 3900000, 270000, 190000, 2013),
(310, 62, 2100000, 1700000, 310000, 1500000, 2014),
(311, 63, 4300000, 3900000, 25000000, 30000, 2006),
(312, 63, 250000, 42000000, 300000, 1500000, 2009),
(313, 63, 20000000, 160000, 1000000, 100000, 2010),
(314, 63, 11000000, 80000, 370000, 170000, 2012),
(315, 63, 23000000, 600000, 200000, 130000, 2015),
(316, 64, 3000000, 3800000, 13000000, 3000000, 2006),
(317, 64, 3400000, 1900000, 1200000, 11000000, 2009),
(318, 64, 10000, 37000000, 3000000, 110000, 2010),
(319, 64, 1900000, 160000, 3300000, 8000000, 2012),
(320, 64, 2500000, 2000000, 100000, 70000, 2015),
(321, 65, 12000000, 400000, 120000, 3200000, 2007),
(322, 65, 20000000, 420000, 100000, 25000000, 2008),
(323, 65, 43000000, 4400000, 310000, 16000000, 2010),
(324, 65, 230000, 10000000, 28000000, 3500000, 2013),
(325, 65, 3200000, 500000, 330000, 170000, 2015),
(326, 66, 150000, 42000000, 280000, 1100000, 2007),
(327, 66, 14000000, 38000000, 27000000, 32000000, 2009),
(328, 66, 330000, 12000000, 2100000, 36000000, 2010),
(329, 66, 240000, 330000, 280000, 37000000, 2012),
(330, 66, 450000, 350000, 270000, 170000, 2015),
(331, 67, 700000, 400000, 43000000, 100000, 2007),
(332, 67, 6000000, 24000000, 300000, 3000000, 2009),
(333, 67, 130000, 700000, 200000, 3400000, 2010),
(334, 67, 440000, 2500000, 600000, 2000000, 2012),
(335, 67, 80000, 290000, 1800000, 20000, 2014),
(336, 68, 1700000, 330000, 15000000, 3100000, 2006),
(337, 68, 14000000, 3700000, 120000, 3800000, 2009),
(338, 68, 29000000, 3200000, 100000, 1100000, 2011),
(339, 68, 25000000, 150000, 4100000, 44000000, 2013),
(340, 68, 36000000, 2700000, 33000000, 26000000, 2015),
(341, 69, 130000, 60000, 1000000, 260000, 2006),
(342, 69, 190000, 4300000, 40000000, 130000, 2008),
(343, 69, 3900000, 16000000, 350000, 38000000, 2011),
(344, 69, 7000000, 16000000, 60000, 700000, 2012),
(345, 69, 30000, 22000000, 4400000, 220000, 2015),
(346, 70, 1000000, 60000, 17000000, 3400000, 2006),
(347, 70, 190000, 220000, 340000, 410000, 2009),
(348, 70, 200000, 14000000, 3200000, 420000, 2010),
(349, 70, 39000000, 2700000, 10000, 45000000, 2013),
(350, 70, 14000000, 310000, 1400000, 5000000, 2014),
(351, 71, 290000, 340000, 190000, 150000, 2007),
(352, 71, 39000000, 1200000, 2600000, 160000, 2008),
(353, 71, 30000000, 4200000, 7000000, 4500000, 2011),
(354, 71, 300000, 31000000, 1800000, 350000, 2013),
(355, 71, 22000000, 1800000, 30000000, 1900000, 2015),
(356, 72, 27000000, 60000, 310000, 41000000, 2007),
(357, 72, 9000000, 100000, 3100000, 360000, 2008),
(358, 72, 4400000, 45000000, 60000, 100000, 2011),
(359, 72, 3400000, 200000, 17000000, 2000000, 2013),
(360, 72, 270000, 2400000, 2700000, 2000000, 2015),
(361, 73, 230000, 2000000, 370000, 26000000, 2007),
(362, 73, 310000, 34000000, 37000000, 300000, 2009),
(363, 73, 5000000, 3700000, 900000, 360000, 2011),
(364, 73, 1900000, 2200000, 310000, 340000, 2012),
(365, 73, 34000000, 32000000, 27000000, 700000, 2015),
(366, 74, 43000000, 450000, 2400000, 300000, 2006),
(367, 74, 16000000, 400000, 12000000, 6000000, 2009),
(368, 74, 2700000, 27000000, 37000000, 210000, 2011),
(369, 74, 320000, 4100000, 390000, 450000, 2013),
(370, 74, 25000000, 21000000, 21000000, 420000, 2014),
(371, 75, 200000, 320000, 30000000, 320000, 2007),
(372, 75, 19000000, 90000, 190000, 140000, 2008),
(373, 75, 20000, 250000, 210000, 3600000, 2010),
(374, 75, 4100000, 150000, 13000000, 2000000, 2013),
(375, 75, 160000, 22000000, 230000, 36000000, 2015),
(376, 76, 320000, 4400000, 36000000, 15000000, 2007),
(377, 76, 19000000, 3200000, 700000, 1700000, 2008),
(378, 76, 1200000, 240000, 280000, 1500000, 2010),
(379, 76, 210000, 34000000, 1000000, 27000000, 2012),
(380, 76, 11000000, 1700000, 17000000, 1500000, 2014),
(381, 77, 44000000, 350000, 10000000, 26000000, 2007),
(382, 77, 2400000, 17000000, 160000, 40000000, 2009),
(383, 77, 2600000, 23000000, 100000, 7000000, 2011),
(384, 77, 22000000, 3300000, 31000000, 10000000, 2012),
(385, 77, 5000000, 10000000, 800000, 4200000, 2015),
(386, 78, 1200000, 2400000, 100000, 23000000, 2006),
(387, 78, 5000000, 400000, 260000, 13000000, 2009),
(388, 78, 700000, 400000, 370000, 1300000, 2010),
(389, 78, 2600000, 4300000, 200000, 800000, 2012),
(390, 78, 450000, 40000000, 34000000, 40000, 2015),
(391, 79, 2000000, 2600000, 27000000, 3700000, 2007),
(392, 79, 90000, 430000, 39000000, 1900000, 2008),
(393, 79, 210000, 30000000, 4100000, 25000000, 2011),
(394, 79, 450000, 390000, 19000000, 40000, 2012),
(395, 79, 70000, 4200000, 370000, 900000, 2015),
(396, 80, 300000, 300000, 40000, 80000, 2007),
(397, 80, 32000000, 44000000, 10000, 31000000, 2008),
(398, 80, 17000000, 1400000, 2200000, 14000000, 2011),
(399, 80, 1000000, 600000, 270000, 31000000, 2012),
(400, 80, 4200000, 21000000, 3200000, 7000000, 2014),
(401, 81, 2900000, 4400000, 21000000, 50000, 2006),
(402, 81, 4400000, 240000, 270000, 410000, 2008),
(403, 81, 3500000, 3000000, 2700000, 3700000, 2010),
(404, 81, 1900000, 13000000, 350000, 300000, 2013),
(405, 81, 130000, 2700000, 20000000, 210000, 2015),
(406, 82, 15000000, 2300000, 200000, 150000, 2006),
(407, 82, 27000000, 1800000, 390000, 2600000, 2008),
(408, 82, 440000, 4100000, 3600000, 700000, 2010),
(409, 82, 4000000, 200000, 600000, 400000, 2013),
(410, 82, 42000000, 4200000, 42000000, 24000000, 2014),
(411, 83, 7000000, 24000000, 23000000, 4500000, 2007),
(412, 83, 11000000, 4400000, 23000000, 30000000, 2008),
(413, 83, 16000000, 9000000, 340000, 1600000, 2010),
(414, 83, 23000000, 100000, 280000, 180000, 2013),
(415, 83, 1000000, 17000000, 4400000, 19000000, 2014),
(416, 84, 1100000, 6000000, 500000, 100000, 2006),
(417, 84, 2000000, 10000, 160000, 200000, 2009),
(418, 84, 100000, 80000, 500000, 1900000, 2011),
(419, 84, 9000000, 10000, 37000000, 3300000, 2013),
(420, 84, 90000, 30000, 40000000, 13000000, 2015),
(421, 85, 2300000, 7000000, 160000, 17000000, 2007),
(422, 85, 1700000, 390000, 5000000, 280000, 2009),
(423, 85, 12000000, 11000000, 16000000, 26000000, 2010),
(424, 85, 900000, 4300000, 300000, 70000, 2012),
(425, 85, 1600000, 3000000, 19000000, 10000000, 2014),
(426, 86, 220000, 5000000, 36000000, 8000000, 2007),
(427, 86, 14000000, 42000000, 17000000, 1100000, 2009),
(428, 86, 1600000, 3400000, 28000000, 290000, 2011),
(429, 86, 800000, 40000, 270000, 1000000, 2012),
(430, 86, 37000000, 700000, 2900000, 4000000, 2014),
(431, 87, 45000000, 11000000, 15000000, 220000, 2006),
(432, 87, 2500000, 1400000, 300000, 30000, 2009),
(433, 87, 2600000, 31000000, 410000, 1600000, 2010),
(434, 87, 4500000, 440000, 1700000, 9000000, 2013),
(435, 87, 360000, 800000, 400000, 3700000, 2015),
(436, 88, 8000000, 110000, 200000, 27000000, 2007),
(437, 88, 320000, 140000, 370000, 3000000, 2009),
(438, 88, 300000, 3000000, 240000, 18000000, 2011),
(439, 88, 450000, 12000000, 800000, 27000000, 2013),
(440, 88, 37000000, 17000000, 3600000, 24000000, 2014),
(441, 89, 3000000, 14000000, 9000000, 1400000, 2006),
(442, 89, 390000, 270000, 6000000, 430000, 2009),
(443, 89, 350000, 410000, 320000, 1400000, 2011),
(444, 89, 3500000, 41000000, 38000000, 2800000, 2012),
(445, 89, 11000000, 3000000, 1500000, 350000, 2014),
(446, 90, 40000000, 11000000, 3600000, 1600000, 2006),
(447, 90, 31000000, 14000000, 6000000, 12000000, 2009),
(448, 90, 34000000, 16000000, 39000000, 10000000, 2011),
(449, 90, 50000, 12000000, 17000000, 10000, 2013),
(450, 90, 2300000, 700000, 43000000, 700000, 2014),
(451, 91, 700000, 35000000, 3300000, 42000000, 2006),
(452, 91, 2600000, 500000, 400000, 150000, 2008),
(453, 91, 3200000, 2800000, 35000000, 3100000, 2011),
(454, 91, 45000000, 24000000, 3700000, 120000, 2013),
(455, 91, 200000, 410000, 380000, 3900000, 2014),
(456, 92, 24000000, 31000000, 210000, 4400000, 2006),
(457, 92, 110000, 38000000, 90000, 300000, 2008),
(458, 92, 100000, 10000, 17000000, 3000000, 2010),
(459, 92, 12000000, 22000000, 600000, 32000000, 2012),
(460, 92, 180000, 350000, 160000, 70000, 2014),
(461, 93, 1400000, 1300000, 28000000, 3400000, 2007),
(462, 93, 600000, 9000000, 15000000, 1500000, 2009),
(463, 93, 23000000, 2900000, 280000, 15000000, 2010),
(464, 93, 9000000, 5000000, 120000, 100000, 2013),
(465, 93, 400000, 200000, 360000, 1000000, 2014),
(466, 94, 3200000, 39000000, 120000, 390000, 2007),
(467, 94, 390000, 230000, 900000, 44000000, 2008),
(468, 94, 60000, 29000000, 280000, 180000, 2010),
(469, 94, 22000000, 450000, 190000, 13000000, 2013),
(470, 94, 250000, 30000, 380000, 41000000, 2014),
(471, 95, 1700000, 140000, 3000000, 4400000, 2007),
(472, 95, 330000, 900000, 410000, 17000000, 2008),
(473, 95, 50000, 180000, 220000, 110000, 2011),
(474, 95, 40000, 23000000, 3500000, 3700000, 2012),
(475, 95, 320000, 2900000, 4300000, 600000, 2015),
(476, 96, 180000, 2300000, 24000000, 3100000, 2006),
(477, 96, 1000000, 110000, 2800000, 140000, 2008),
(478, 96, 370000, 200000, 3800000, 16000000, 2011),
(479, 96, 100000, 19000000, 420000, 20000, 2012),
(480, 96, 4400000, 30000, 240000, 1100000, 2014),
(481, 97, 21000000, 300000, 38000000, 2500000, 2006),
(482, 97, 2500000, 16000000, 21000000, 36000000, 2008),
(483, 97, 1000000, 2300000, 18000000, 4100000, 2011),
(484, 97, 420000, 32000000, 4000000, 13000000, 2013),
(485, 97, 38000000, 130000, 20000, 360000, 2015),
(486, 98, 170000, 40000000, 230000, 440000, 2007),
(487, 98, 1500000, 400000, 1300000, 3600000, 2008),
(488, 98, 2700000, 390000, 1300000, 600000, 2010),
(489, 98, 360000, 4100000, 220000, 300000, 2012),
(490, 98, 3800000, 10000, 3800000, 4000000, 2015),
(491, 99, 3500000, 38000000, 2600000, 20000, 2007),
(492, 99, 300000, 33000000, 12000000, 10000000, 2008),
(493, 99, 31000000, 70000, 3400000, 19000000, 2011),
(494, 99, 24000000, 25000000, 32000000, 4300000, 2012),
(495, 99, 28000000, 360000, 290000, 3500000, 2015),
(496, 100, 3700000, 140000, 2800000, 28000000, 2007),
(497, 100, 4500000, 1600000, 15000000, 12000000, 2008),
(498, 100, 400000, 1200000, 9000000, 1900000, 2011),
(499, 100, 250000, 10000000, 4500000, 70000, 2013),
(500, 100, 20000, 700000, 2700000, 430000, 2015),
(501, 101, 330000, 9000000, 1200000, 110000, 2006),
(502, 101, 31000000, 22000000, 3700000, 4000000, 2008),
(503, 101, 10000000, 410000, 2200000, 25000000, 2011),
(504, 101, 800000, 1300000, 450000, 60000, 2012),
(505, 101, 280000, 370000, 3700000, 38000000, 2015),
(506, 102, 300000, 320000, 90000, 28000000, 2007),
(507, 102, 1800000, 1900000, 430000, 30000000, 2008),
(508, 102, 200000, 10000000, 110000, 320000, 2011),
(509, 102, 430000, 350000, 2800000, 4000000, 2013),
(510, 102, 45000000, 260000, 3000000, 2400000, 2015),
(511, 103, 2700000, 38000000, 290000, 1100000, 2006),
(512, 103, 6000000, 2500000, 500000, 1400000, 2009),
(513, 103, 60000, 13000000, 300000, 360000, 2011),
(514, 103, 40000, 44000000, 260000, 2700000, 2013),
(515, 103, 2300000, 1700000, 190000, 330000, 2014),
(516, 104, 2400000, 250000, 5000000, 400000, 2006),
(517, 104, 1800000, 4300000, 120000, 280000, 2008),
(518, 104, 3300000, 2500000, 70000, 3000000, 2010),
(519, 104, 28000000, 2200000, 3100000, 410000, 2012),
(520, 104, 1800000, 45000000, 280000, 21000000, 2014),
(521, 105, 2000000, 80000, 310000, 440000, 2006),
(522, 105, 3400000, 1100000, 1500000, 90000, 2009),
(523, 105, 230000, 10000, 4500000, 25000000, 2011),
(524, 105, 500000, 8000000, 44000000, 2400000, 2012),
(525, 105, 22000000, 17000000, 450000, 230000, 2014);

/*!40101 SET CHARACTER_SET_CLIENT=@OLD_CHARACTER_SET_CLIENT */;
/*!40101 SET CHARACTER_SET_RESULTS=@OLD_CHARACTER_SET_RESULTS */;
/*!40101 SET COLLATION_CONNECTION=@OLD_COLLATION_CONNECTION */;
